Date,Close,Daily_Return,True_Regime
2020-01-01,99.41,-0.00587,0
2020-01-02,99.68,0.00271,0
2020-01-03,99.93,0.00247,0
2020-01-06,100.62,0.00686,0
2020-01-07,100.35,-0.00269,0
2020-01-08,100.11,-0.00235,0
2020-01-09,98.64,-0.01488,0
2020-01-10,99.28,0.0065,0
2020-01-13,99.1,-0.00177,0
2020-01-14,98.74,-0.00365,0
2020-01-15,98.45,-0.00298,0
2020-01-16,98.88,0.00439,0
2020-01-17,99.03,0.00153,0
2020-01-20,98.81,-0.00229,0
2020-01-21,98.53,-0.0028,0
2020-01-22,99.17,0.00648,0
2020-01-23,98.64,-0.00533,0
2020-01-24,98.63,-0.00017,0
2020-01-27,98.57,-0.00058,0
2020-01-28,98.88,0.00314,0
2020-01-29,100.62,0.01747,0
2020-01-30,101.43,0.00796,0
2020-01-31,101.78,0.00345,1
2020-02-03,103.77,0.01936,1
2020-02-04,101.1,-0.02602,1
2020-02-05,97.16,-0.0398,1
2020-02-06,93.9,-0.03412,1
2020-02-07,91.77,-0.02293,1
2020-02-10,92.89,0.01217,1
2020-02-11,94.72,0.01951,1
2020-02-12,94.08,-0.00677,1
2020-02-13,92.52,-0.01676,1
2020-02-14,89.07,-0.038,1
2020-02-17,91.29,0.02459,1
2020-02-18,93.74,0.02651,1
2020-02-19,91.58,-0.02336,1
2020-02-20,89.16,-0.02671,1
2020-02-21,88.84,-0.00362,1
2020-02-24,91.92,0.03409,1
2020-02-25,92.5,0.00632,1
2020-02-26,91.46,-0.01137,1
2020-02-27,91.16,-0.00326,1
2020-02-28,90.46,-0.00771,0
2020-03-02,91.1,0.00705,0
2020-03-03,90.88,-0.00241,0
2020-03-04,90.14,-0.00817,0
2020-03-05,90.1,-0.00047,0
2020-03-06,89.94,-0.00176,0
2020-03-09,90.28,0.00381,0
2020-03-10,90.99,0.00775,0
2020-03-11,91.81,0.00903,0
2020-03-12,91.98,0.00185,0
2020-03-13,91.91,-0.00074,0
2020-03-16,91.79,-0.00141,0
2020-03-17,90.41,-0.01513,0
2020-03-18,90.67,0.00287,0
2020-03-19,90.99,0.00352,0
2020-03-20,90.97,-0.0002,0
2020-03-23,90.53,-0.00486,0
2020-03-24,93.46,0.0319,1
2020-03-25,93.45,-0.00012,2
2020-03-26,91.6,-0.01998,2
2020-03-27,91.72,0.00133,2
2020-03-30,91.26,-0.00509,2
2020-03-31,92.14,0.00967,1
2020-04-01,91.41,-0.00802,1
2020-04-02,91.99,0.00636,1
2020-04-03,91.81,-0.00198,1
2020-04-06,89.95,-0.02041,1
2020-04-07,91.47,0.01676,1
2020-04-08,94.44,0.03192,1
2020-04-09,97.48,0.03162,1
2020-04-10,96.15,-0.01364,1
2020-04-13,98.13,0.02036,1
2020-04-14,102.05,0.03916,1
2020-04-15,102.67,0.00604,0
2020-04-16,103.15,0.00469,0
2020-04-17,102.48,-0.00654,0
2020-04-20,102.94,0.00452,0
2020-04-21,102.93,-0.00017,0
2020-04-22,102.79,-0.00134,0
2020-04-23,103.22,0.00414,0
2020-04-24,104.15,0.00898,0
2020-04-27,105.83,0.01603,0
2020-04-28,105.0,-0.00784,0
2020-04-29,105.84,0.00794,0
2020-04-30,106.32,0.00451,0
2020-05-01,107.18,0.0081,0
2020-05-04,107.42,0.00216,0
2020-05-05,108.05,0.00588,0
2020-05-06,108.25,0.00185,0
2020-05-07,107.55,-0.0065,0
2020-05-08,108.11,0.00521,0
2020-05-11,107.58,-0.00493,0
2020-05-12,108.16,0.00542,0
2020-05-13,109.08,0.00841,0
2020-05-14,108.6,-0.00441,0
2020-05-15,108.78,0.00168,0
2020-05-18,109.44,0.00607,0
2020-05-19,109.37,-0.00064,0
2020-05-20,111.27,0.01721,0
2020-05-21,111.42,0.00136,0
2020-05-22,110.87,-0.00498,0
2020-05-25,111.61,0.00666,0
2020-05-26,111.62,6e-05,0
2020-05-27,113.41,0.01597,1
2020-05-28,112.81,-0.00533,2
2020-05-29,113.88,0.00942,2
2020-06-01,112.63,-0.01101,2
2020-06-02,111.95,-0.00606,2
2020-06-03,112.81,0.00766,2
2020-06-04,115.24,0.02126,2
2020-06-05,116.72,0.01279,2
2020-06-08,116.8,0.00072,2
2020-06-09,115.48,-0.01141,2
2020-06-10,117.42,0.01668,2
2020-06-11,117.86,0.00375,2
2020-06-12,118.24,0.00319,2
2020-06-15,120.31,0.01735,2
2020-06-16,120.33,0.00019,2
2020-06-17,120.68,0.00289,2
2020-06-18,120.95,0.00221,2
2020-06-19,121.2,0.00208,2
2020-06-22,118.52,-0.02234,1
2020-06-23,113.34,-0.04472,1
2020-06-24,114.11,0.00678,1
2020-06-25,113.59,-0.00456,0
2020-06-26,113.45,-0.00121,0
2020-06-29,113.92,0.0041,0
2020-06-30,113.14,-0.00683,0
2020-07-01,114.87,0.01513,0
2020-07-02,116.24,0.01186,0
2020-07-03,116.34,0.00089,0
2020-07-06,116.74,0.00345,0
2020-07-07,116.52,-0.00187,0
2020-07-08,115.46,-0.00921,0
2020-07-09,115.01,-0.00383,0
2020-07-10,116.26,0.01077,0
2020-07-13,116.57,0.00271,0
2020-07-14,115.54,-0.00887,0
2020-07-15,115.9,0.00306,0
2020-07-16,117.15,0.01071,0
2020-07-17,116.73,-0.00358,0
2020-07-20,115.93,-0.00688,0
2020-07-21,115.86,-0.00062,0
2020-07-22,117.26,0.01203,0
2020-07-23,116.44,-0.00697,0
2020-07-24,116.46,0.00017,0
2020-07-27,117.64,0.01006,0
2020-07-28,118.67,0.00874,0
2020-07-29,118.81,0.00115,0
2020-07-30,120.59,0.01489,0
2020-07-31,120.54,-0.00041,0
2020-08-03,120.68,0.00117,0
2020-08-04,119.41,-0.01058,0
2020-08-05,120.43,0.00848,0
2020-08-06,121.02,0.00492,0
2020-08-07,121.17,0.00123,0
2020-08-10,119.55,-0.01347,1
2020-08-11,119.93,0.00318,1
2020-08-12,117.94,-0.01673,1
2020-08-13,116.73,-0.01033,1
2020-08-14,117.54,0.00689,1
2020-08-17,118.97,0.01215,1
2020-08-18,120.34,0.01144,1
2020-08-19,118.1,-0.01884,1
2020-08-20,115.6,-0.02135,2
2020-08-21,113.93,-0.01455,2
2020-08-24,116.09,0.01873,2
2020-08-25,115.49,-0.00517,2
2020-08-26,115.51,0.00025,2
2020-08-27,116.82,0.01127,2
2020-08-28,116.5,-0.00277,2
2020-08-31,117.19,0.00592,0
2020-09-01,117.1,-0.00083,0
2020-09-02,116.76,-0.00288,0
2020-09-03,118.2,0.01227,0
2020-09-04,119.05,0.00719,0
2020-09-07,120.01,0.00803,0
2020-09-08,119.25,-0.00638,0
2020-09-09,118.85,-0.00339,0
2020-09-10,118.94,0.00075,0
2020-09-11,118.81,-0.00105,0
2020-09-14,119.48,0.00562,0
2020-09-15,120.02,0.00448,0
2020-09-16,121.1,0.00895,0
2020-09-17,120.88,-0.0018,0
2020-09-18,121.12,0.00202,0
2020-09-21,122.06,0.00773,0
2020-09-22,121.81,-0.00206,0
2020-09-23,120.86,-0.00787,2
2020-09-24,122.86,0.01642,2
2020-09-25,119.9,-0.02434,2
2020-09-28,122.19,0.01894,2
2020-09-29,121.76,-0.00353,2
2020-09-30,121.77,5e-05,2
2020-10-01,125.32,0.02871,1
2020-10-02,127.43,0.0167,1
2020-10-05,125.25,-0.01725,2
2020-10-06,124.0,-0.01003,2
2020-10-07,124.11,0.00094,2
2020-10-08,125.6,0.0119,2
2020-10-09,126.33,0.00578,2
2020-10-12,126.42,0.00075,2
2020-10-13,125.78,-0.00508,2
2020-10-14,128.63,0.02242,2
2020-10-15,128.48,-0.00123,2
2020-10-16,130.0,0.01182,2
2020-10-19,129.77,-0.00179,2
2020-10-20,127.69,-0.01616,2
2020-10-21,124.8,-0.02285,2
2020-10-22,125.36,0.00445,2
2020-10-23,126.5,0.009,2
2020-10-26,128.77,0.01782,2
2020-10-27,128.67,-0.00078,2
2020-10-28,128.25,-0.00329,2
2020-10-29,128.71,0.00365,2
2020-10-30,127.04,-0.01307,2
2020-11-02,127.48,0.00341,2
2020-11-03,127.92,0.00344,2
2020-11-04,127.76,-0.0012,2
2020-11-05,127.69,-0.00057,2
2020-11-06,130.05,0.01829,2
2020-11-09,130.55,0.00385,2
2020-11-10,130.07,-0.00366,2
2020-11-11,127.61,-0.01909,2
2020-11-12,125.55,-0.01632,2
2020-11-13,126.37,0.00653,2
2020-11-16,125.13,-0.00983,2
2020-11-17,124.69,-0.00355,2
2020-11-18,124.87,0.00148,2
2020-11-19,127.23,0.01872,2
2020-11-20,128.82,0.01242,2
2020-11-23,129.09,0.00209,2
2020-11-24,131.43,0.01797,2
2020-11-25,132.84,0.01063,2
2020-11-26,130.12,-0.02067,2
2020-11-27,132.41,0.01743,2
2020-11-30,132.74,0.0025,2
2020-12-01,129.34,-0.02595,2
2020-12-02,130.89,0.01188,2
2020-12-03,131.42,0.00407,2
2020-12-04,131.41,-8e-05,2
2020-12-07,132.69,0.00966,2
2020-12-08,132.69,3e-05,2
2020-12-09,133.35,0.00494,2
2020-12-10,133.16,-0.00137,2
2020-12-11,133.06,-0.0008,2
2020-12-14,131.32,-0.01312,2
2020-12-15,132.11,0.00595,2
2020-12-16,135.42,0.02476,2
2020-12-17,134.91,-0.00373,2
2020-12-18,133.61,-0.00969,2
2020-12-21,132.73,-0.00661,2
2020-12-22,130.48,-0.01711,2
2020-12-23,130.19,-0.0022,2
2020-12-24,130.05,-0.00112,2
2020-12-25,130.13,0.00061,2
2020-12-28,131.48,0.01032,2
2020-12-29,130.51,-0.00734,2
2020-12-30,129.67,-0.00647,2
2020-12-31,127.79,-0.01464,2
2021-01-01,126.84,-0.00742,2
2021-01-04,123.56,-0.02621,2
2021-01-05,125.89,0.01863,1
2021-01-06,122.72,-0.02551,1
2021-01-07,119.67,-0.02513,1
2021-01-08,119.68,0.00011,1
2021-01-11,117.17,-0.02125,1
2021-01-12,114.44,-0.02351,1
2021-01-13,113.81,-0.00557,0
2021-01-14,113.45,-0.00313,0
2021-01-15,113.69,0.00211,0
2021-01-18,114.41,0.00626,0
2021-01-19,113.9,-0.00444,0
2021-01-20,113.99,0.00078,0
2021-01-21,113.78,-0.00184,0
2021-01-22,114.96,0.01029,0
2021-01-25,116.02,0.00917,0
2021-01-26,115.2,-0.00706,0
2021-01-27,115.31,0.00097,0
2021-01-28,115.49,0.00156,0
2021-01-29,115.27,-0.00195,0
2021-02-01,114.93,-0.00296,0
2021-02-02,114.45,-0.00417,0
2021-02-03,114.17,-0.00247,0
2021-02-04,112.55,-0.01422,0
2021-02-05,113.49,0.00832,2
2021-02-08,114.04,0.00478,2
2021-02-09,113.93,-0.00092,2
2021-02-10,112.96,-0.00859,2
2021-02-11,112.25,-0.00629,2
2021-02-12,115.05,0.02462,2
2021-02-15,117.32,0.01954,2
2021-02-16,116.54,-0.00667,2
2021-02-17,115.16,-0.01192,2
2021-02-18,114.54,-0.0054,2
2021-02-19,114.13,-0.00358,2
2021-02-22,112.59,-0.01357,2
2021-02-23,112.96,0.00331,2
2021-02-24,112.77,-0.00168,2
2021-02-25,112.23,-0.00479,2
2021-02-26,111.44,-0.00712,2
2021-03-01,112.47,0.00922,2
2021-03-02,111.51,-0.00858,2
2021-03-03,114.82,0.02931,2
2021-03-04,115.07,0.00214,2
2021-03-05,115.21,0.00117,2
2021-03-08,115.89,0.00596,2
2021-03-09,118.12,0.01906,2
2021-03-10,117.3,-0.00703,2
2021-03-11,118.14,0.00716,2
2021-03-12,118.92,0.00662,2
2021-03-15,120.42,0.01252,2
2021-03-16,120.04,-0.00314,2
2021-03-17,121.43,0.01147,2
2021-03-18,120.46,-0.00802,2
2021-03-19,117.29,-0.02666,2
2021-03-22,115.1,-0.01886,2
2021-03-23,115.13,0.00029,2
2021-03-24,116.38,0.01081,2
2021-03-25,116.53,0.00125,2
2021-03-26,116.77,0.00208,2
2021-03-29,117.58,0.00693,2
2021-03-30,118.32,0.00621,2
2021-03-31,120.11,0.01507,2
2021-04-01,119.42,-0.00575,2
2021-04-02,120.02,0.00495,2
2021-04-05,122.22,0.01822,2
2021-04-06,122.83,0.00492,2
2021-04-07,124.75,0.01554,2
2021-04-08,124.1,-0.00524,2
2021-04-09,125.55,0.01167,2
2021-04-12,127.04,0.01178,2
2021-04-13,124.59,-0.01949,2
2021-04-14,125.02,0.00347,2
2021-04-15,125.29,0.00215,2
2021-04-16,126.57,0.01013,2
2021-04-19,126.86,0.00227,2
2021-04-20,130.96,0.03182,2
2021-04-21,132.47,0.01149,0
2021-04-22,133.05,0.00434,0
2021-04-23,133.35,0.0023,0
2021-04-26,132.55,-0.00604,0
2021-04-27,132.8,0.0019,0
2021-04-28,132.99,0.0014,0
2021-04-29,135.14,0.01603,0
2021-04-30,135.67,0.00394,0
2021-05-03,136.66,0.00723,0
2021-05-04,136.29,-0.0027,0
2021-05-05,137.1,0.00591,0
2021-05-06,135.31,-0.01312,0
2021-05-07,136.45,0.00842,0
2021-05-10,135.89,-0.00411,0
2021-05-11,135.09,-0.00595,0
2021-05-12,135.07,-9e-05,0
2021-05-13,135.84,0.00563,0
2021-05-14,135.82,-0.00014,0
2021-05-17,135.1,-0.0053,0
2021-05-18,136.54,0.0106,1
2021-05-19,133.7,-0.02098,1
2021-05-20,133.45,-0.00187,2
2021-05-21,132.39,-0.00803,2
2021-05-24,132.64,0.00189,2
2021-05-25,132.47,-0.00128,2
2021-05-26,132.73,0.00196,2
2021-05-27,140.92,0.05988,1
2021-05-28,136.98,-0.02837,1
2021-05-31,141.36,0.03153,1
2021-06-01,132.38,-0.06562,1
2021-06-02,128.46,-0.03006,1
2021-06-03,128.86,0.00309,1
2021-06-04,128.17,-0.0054,1
2021-06-07,129.57,0.01087,1
2021-06-08,128.22,-0.01049,1
2021-06-09,127.77,-0.00347,1
2021-06-10,127.27,-0.00394,1
2021-06-11,127.13,-0.00108,1
2021-06-14,127.2,0.00057,1
2021-06-15,126.58,-0.00493,1
2021-06-16,125.29,-0.01022,1
2021-06-17,124.38,-0.0073,1
2021-06-18,124.86,0.00383,1
2021-06-21,125.39,0.00427,1
2021-06-22,123.21,-0.01757,1
2021-06-23,120.25,-0.0243,1
2021-06-24,119.15,-0.00922,0
2021-06-25,120.51,0.01139,0
2021-06-28,119.71,-0.00665,0
2021-06-29,119.22,-0.0041,0
2021-06-30,119.86,0.00534,0
2021-07-01,118.95,-0.00768,0
2021-07-02,117.79,-0.00972,0
2021-07-05,117.5,-0.00247,0
2021-07-06,118.29,0.00663,0
2021-07-07,118.36,0.00061,0
2021-07-08,119.99,0.01373,0
2021-07-09,120.58,0.00483,0
2021-07-12,119.74,-0.00693,0
2021-07-13,119.91,0.0014,0
2021-07-14,118.84,-0.00898,0
2021-07-15,119.33,0.00411,0
2021-07-16,119.09,-0.00201,0
2021-07-19,119.56,0.00396,0
2021-07-20,120.83,0.01052,0
2021-07-21,122.07,0.01022,0
2021-07-22,122.05,-0.00015,0
2021-07-23,122.74,0.00564,0
2021-07-26,122.58,-0.00129,0
2021-07-27,122.83,0.00199,0
2021-07-28,121.81,-0.00834,0
2021-07-29,121.32,-0.00399,0
2021-07-30,121.84,0.00424,0
2021-08-02,120.66,-0.00972,0
2021-08-03,120.82,0.00137,0
2021-08-04,121.05,0.00187,0
2021-08-05,121.59,0.00445,0
2021-08-06,120.58,-0.00832,0
2021-08-09,119.46,-0.00934,0
2021-08-10,120.27,0.00672,0
2021-08-11,120.49,0.00188,0
2021-08-12,120.35,-0.00121,0
2021-08-13,119.32,-0.00855,0
2021-08-16,119.13,-0.0016,0
2021-08-17,118.45,-0.00573,0
2021-08-18,119.21,0.00638,0
2021-08-19,118.37,-0.00712,0
2021-08-20,118.3,-0.00056,0
2021-08-23,118.98,0.0057,0
2021-08-24,119.51,0.00451,0
2021-08-25,119.28,-0.00192,0
2021-08-26,119.83,0.0046,0
2021-08-27,120.52,0.00571,0
2021-08-30,120.71,0.0016,0
2021-08-31,121.13,0.00348,0
2021-09-01,120.3,-0.00692,1
2021-09-02,123.38,0.0253,1
2021-09-03,122.92,-0.00373,1
2021-09-06,118.63,-0.03552,1
2021-09-07,119.85,0.01022,1
2021-09-08,116.68,-0.02682,1
2021-09-09,120.1,0.02887,1
2021-09-10,121.07,0.0081,1
2021-09-13,115.39,-0.04811,1
2021-09-14,117.6,0.01903,1
2021-09-15,118.19,0.00499,1
2021-09-16,120.02,0.01532,1
2021-09-17,119.94,-0.00067,1
2021-09-20,121.72,0.01478,2
2021-09-21,120.74,-0.0081,2
2021-09-22,122.09,0.01114,2
2021-09-23,122.57,0.00387,2
2021-09-24,120.13,-0.02008,2
2021-09-27,117.63,-0.021,2
2021-09-28,117.22,-0.0035,2
2021-09-29,116.11,-0.00956,2
2021-09-30,113.45,-0.0231,2
2021-10-01,111.83,-0.01439,2
2021-10-04,111.62,-0.00189,2
2021-10-05,110.53,-0.00981,2
2021-10-06,113.65,0.02782,2
2021-10-07,112.76,-0.00787,2
2021-10-08,114.36,0.01411,2
2021-10-11,116.62,0.01955,2
2021-10-12,115.91,-0.00611,2
2021-10-13,115.09,-0.00709,2
2021-10-14,114.42,-0.00585,2
2021-10-15,114.2,-0.00192,2
2021-10-18,113.7,-0.00438,2
2021-10-19,112.12,-0.01398,2
2021-10-20,112.6,0.00422,2
2021-10-21,112.1,-0.00442,2
2021-10-22,115.33,0.02839,2
2021-10-25,116.65,0.01135,2
2021-10-26,116.15,-0.00425,2
2021-10-27,116.98,0.00711,2
2021-10-28,117.76,0.00662,2
2021-10-29,119.31,0.0131,2
2021-11-01,116.84,-0.02088,2
2021-11-02,115.11,-0.01499,2
2021-11-03,113.96,-0.00999,2
2021-11-04,113.96,0.0,2
2021-11-05,109.31,-0.04167,2
2021-11-08,108.19,-0.01034,2
2021-11-09,109.93,0.01599,2
2021-11-10,108.46,-0.01348,2
2021-11-11,108.78,0.00298,2
2021-11-12,109.19,0.00377,2
2021-11-15,109.73,0.00497,2
2021-11-16,110.69,0.00868,2
2021-11-17,112.05,0.0122,2
2021-11-18,114.14,0.01848,2
2021-11-19,113.65,-0.00434,2
2021-11-22,112.53,-0.0099,2
2021-11-23,113.1,0.00512,2
2021-11-24,113.66,0.0049,2
2021-11-25,114.31,0.00571,0
2021-11-26,112.3,-0.01777,2
2021-11-29,113.33,0.00914,2
2021-11-30,111.52,-0.0161,2
2021-12-01,111.89,0.0033,2
2021-12-02,111.36,-0.00472,2
2021-12-03,113.0,0.01461,2
2021-12-06,111.07,-0.0172,2
2021-12-07,111.32,0.00221,2
2021-12-08,111.87,0.005,2
2021-12-09,111.4,-0.00426,2
2021-12-10,111.64,0.0022,2
2021-12-13,111.01,-0.00566,2
2021-12-14,111.2,0.00163,2
2021-12-15,111.7,0.00451,2
2021-12-16,111.43,-0.00235,0
2021-12-17,111.44,1e-05,0
2021-12-20,110.17,-0.01141,0
2021-12-21,109.14,-0.00941,0
2021-12-22,108.62,-0.00478,2
2021-12-23,107.04,-0.01466,2
2021-12-24,106.82,-0.00203,2
2021-12-27,108.28,0.01356,2
2021-12-28,110.01,0.01583,2
2021-12-29,109.73,-0.00257,2
2021-12-30,108.24,-0.01366,2
2021-12-31,106.66,-0.01463,2
2022-01-03,108.82,0.02002,2
2022-01-04,110.01,0.01087,2
2022-01-05,109.75,-0.00238,2
2022-01-06,109.86,0.00099,2
2022-01-07,109.57,-0.00265,2
2022-01-10,110.25,0.00617,2
2022-01-11,110.22,-0.00025,2
2022-01-12,111.17,0.00859,2
2022-01-13,112.15,0.00877,2
2022-01-14,110.9,-0.01123,2
2022-01-17,111.56,0.00596,1
2022-01-18,114.75,0.02818,1
2022-01-19,115.9,0.00999,1
2022-01-20,116.74,0.0072,1
2022-01-21,114.43,-0.01998,1
2022-01-24,112.21,-0.01958,1
2022-01-25,111.97,-0.00214,1
2022-01-26,110.08,-0.01703,1
2022-01-27,112.54,0.0221,1
2022-01-28,112.51,-0.00024,0
2022-01-31,112.14,-0.00333,0
2022-02-01,112.92,0.00694,0
2022-02-02,112.27,-0.00576,0
2022-02-03,112.34,0.00065,0
2022-02-04,112.05,-0.00263,0
2022-02-07,113.77,0.01521,0
2022-02-08,113.84,0.00066,0
2022-02-09,113.34,-0.00446,0
2022-02-10,113.45,0.00103,0
2022-02-11,113.42,-0.00027,0
2022-02-14,113.01,-0.00359,0
2022-02-15,113.78,0.00673,0
2022-02-16,114.3,0.00454,0
2022-02-17,114.58,0.00245,0
2022-02-18,114.12,-0.00399,0
2022-02-21,115.46,0.01167,0
2022-02-22,115.8,0.00295,0
2022-02-23,115.49,-0.00268,0
2022-02-24,116.34,0.00733,0
2022-02-25,116.51,0.00149,0
2022-02-28,117.27,0.0065,0
2022-03-01,117.65,0.00321,0
2022-03-02,119.3,0.0139,0
2022-03-03,118.66,-0.00539,0
2022-03-04,118.37,-0.00238,0
2022-03-07,120.6,0.01859,0
2022-03-08,120.62,0.00022,0
2022-03-09,119.9,-0.00597,0
2022-03-10,120.41,0.00419,0
2022-03-11,121.3,0.00735,0
2022-03-14,121.31,0.00014,0
2022-03-15,120.06,-0.01039,0
2022-03-16,119.51,-0.00461,0
2022-03-17,117.3,-0.01864,2
2022-03-18,120.16,0.02412,2
2022-03-21,117.84,-0.0195,2
2022-03-22,117.05,-0.00677,2
2022-03-23,117.81,0.00649,2
2022-03-24,116.06,-0.01495,2
2022-03-25,116.63,0.00492,2
2022-03-28,115.69,-0.00813,2
2022-03-29,116.15,0.00399,2
2022-03-30,115.76,-0.0034,2
2022-03-31,115.55,-0.00178,2
2022-04-01,117.05,0.01285,2
2022-04-04,115.45,-0.01377,2
2022-04-05,115.9,0.00393,2
2022-04-06,117.04,0.00979,2
2022-04-07,115.32,-0.01485,2
2022-04-08,113.19,-0.01857,2
2022-04-11,112.84,-0.00317,2
2022-04-12,110.05,-0.02504,2
2022-04-13,110.39,0.00315,2
2022-04-14,111.27,0.00789,2
2022-04-15,109.43,-0.0166,2
2022-04-18,110.56,0.01026,2
2022-04-19,112.21,0.01477,2
2022-04-20,112.71,0.00445,2
2022-04-21,114.49,0.01568,2
2022-04-22,114.05,-0.00382,2
2022-04-25,112.35,-0.01502,1
2022-04-26,111.8,-0.00494,1
2022-04-27,108.86,-0.02664,1
2022-04-28,107.14,-0.01593,1
2022-04-29,106.97,-0.00158,1
2022-05-02,107.16,0.00177,2
2022-05-03,107.76,0.00553,2
2022-05-04,105.08,-0.02511,2
2022-05-05,108.87,0.03535,2
2022-05-06,107.66,-0.01116,2
2022-05-09,108.5,0.00783,2
2022-05-10,108.88,0.00342,2
2022-05-11,108.04,-0.00771,2
2022-05-12,108.76,0.00667,2
2022-05-13,107.58,-0.01091,2
2022-05-16,107.55,-0.00027,2
2022-05-17,110.18,0.02414,2
2022-05-18,109.6,-0.00529,2
2022-05-19,109.7,0.00091,2
2022-05-20,108.3,-0.01282,2
2022-05-23,109.19,0.00812,2
2022-05-24,108.19,-0.00916,2
2022-05-25,108.59,0.00366,2
2022-05-26,109.92,0.01216,2
2022-05-27,109.59,-0.00293,2
2022-05-30,110.35,0.00687,2
2022-05-31,110.83,0.00437,2
2022-06-01,112.24,0.01266,2
2022-06-02,113.03,0.00694,2
2022-06-03,114.8,0.01558,2
2022-06-06,114.45,-0.00304,2
2022-06-07,112.72,-0.01524,2
2022-06-08,110.53,-0.01962,2
2022-06-09,108.5,-0.01853,2
2022-06-10,108.12,-0.00354,2
2022-06-13,108.35,0.00214,2
2022-06-14,107.45,-0.0083,2
2022-06-15,104.6,-0.02689,2
2022-06-16,103.76,-0.0081,2
2022-06-17,103.21,-0.00535,2
2022-06-20,103.19,-0.00014,2
2022-06-21,105.01,0.01744,2
2022-06-22,102.74,-0.02179,2
2022-06-23,103.6,0.00826,2
2022-06-24,104.32,0.00701,2
2022-06-27,104.02,-0.00293,2
2022-06-28,104.52,0.00481,2
2022-06-29,104.29,-0.00217,2
2022-06-30,105.0,0.00674,2
2022-07-01,103.92,-0.01035,2
2022-07-04,102.71,-0.01171,2
2022-07-05,100.39,-0.02285,2
2022-07-06,100.88,0.00486,2
2022-07-07,100.16,-0.00714,2
2022-07-08,98.28,-0.01894,2
2022-07-11,97.15,-0.01153,2
2022-07-12,97.81,0.00671,2
2022-07-13,98.01,0.00203,2
2022-07-14,96.92,-0.01115,2
2022-07-15,98.57,0.01687,2
2022-07-18,98.49,-0.0008,2
2022-07-19,99.43,0.00953,1
2022-07-20,99.59,0.00154,1
2022-07-21,98.73,-0.00861,1
2022-07-22,99.51,0.00783,1
2022-07-25,102.11,0.02579,1
2022-07-26,101.19,-0.00902,1
2022-07-27,102.84,0.01613,1
2022-07-28,100.94,-0.01862,1
2022-07-29,105.25,0.04187,1
2022-08-01,103.0,-0.02168,1
2022-08-02,108.45,0.05154,1
2022-08-03,105.08,-0.03151,1
2022-08-04,104.01,-0.0103,1
2022-08-05,104.95,0.00908,1
2022-08-08,105.81,0.00815,0
2022-08-09,106.93,0.01054,0
2022-08-10,107.96,0.00956,0
2022-08-11,106.96,-0.00931,0
2022-08-12,107.51,0.00507,2
2022-08-15,106.52,-0.00917,2
2022-08-16,107.79,0.01182,2
2022-08-17,109.24,0.01335,2
2022-08-18,109.65,0.00373,2
2022-08-19,108.96,-0.00631,2
2022-08-22,107.54,-0.01311,2
2022-08-23,106.64,-0.00844,2
2022-08-24,105.68,-0.00901,2
2022-08-25,105.73,0.0005,2
2022-08-26,107.06,0.01247,2
2022-08-29,107.21,0.0014,2
2022-08-30,105.72,-0.01397,2
2022-08-31,104.18,-0.0147,2
2022-09-01,105.06,0.00844,2
2022-09-02,107.56,0.02346,2
2022-09-05,107.69,0.00126,2
2022-09-06,106.83,-0.00807,2
2022-09-07,105.57,-0.01179,2
2022-09-08,106.38,0.00765,2
2022-09-09,108.44,0.0191,2
2022-09-12,108.05,-0.00358,2
2022-09-13,107.37,-0.00631,2
2022-09-14,105.58,-0.01679,2
2022-09-15,105.68,0.00098,2
2022-09-16,106.69,0.00946,2
2022-09-19,105.75,-0.00889,2
2022-09-20,106.04,0.0028,2
2022-09-21,106.7,0.00614,2
2022-09-22,107.45,0.00709,2
2022-09-23,104.54,-0.02749,1
2022-09-26,102.15,-0.02315,1
2022-09-27,102.18,0.00029,1
2022-09-28,103.74,0.01519,1
2022-09-29,109.05,0.04994,1
2022-09-30,105.94,-0.02895,1
2022-10-03,106.39,0.00423,1
2022-10-04,106.2,-0.00184,1
2022-10-05,104.9,-0.01233,1
2022-10-06,107.68,0.02619,1
2022-10-07,108.96,0.01184,1
2022-10-10,110.34,0.01259,1
2022-10-11,107.05,-0.03031,1
2022-10-12,105.95,-0.01027,1
2022-10-13,105.89,-0.00059,1
2022-10-14,106.13,0.00229,1
2022-10-17,112.4,0.05736,1
2022-10-18,111.39,-0.009,1
2022-10-19,104.65,-0.06242,1
2022-10-20,104.62,-0.00027,1
2022-10-21,105.72,0.01039,1
2022-10-24,105.66,-0.0005,1
2022-10-25,98.41,-0.07112,1
2022-10-26,98.93,0.00524,1
2022-10-27,100.04,0.01116,1
2022-10-28,96.83,-0.03258,1
2022-10-31,95.07,-0.01833,1
2022-11-01,95.01,-0.00065,2
2022-11-02,93.56,-0.01533,1
2022-11-03,92.48,-0.01166,1
2022-11-04,92.99,0.00546,1
2022-11-07,91.43,-0.01687,1
2022-11-08,87.97,-0.03862,1
2022-11-09,89.75,0.0201,1
2022-11-10,87.37,-0.02686,1
2022-11-11,86.78,-0.00682,1
2022-11-14,85.58,-0.01397,1
2022-11-15,83.06,-0.02991,1
2022-11-16,84.67,0.01929,1
2022-11-17,85.13,0.00537,0
2022-11-18,85.0,-0.00155,0
2022-11-21,85.06,0.00071,0
2022-11-22,85.18,0.00145,0
2022-11-23,84.68,-0.00591,0
2022-11-24,84.24,-0.00516,0
2022-11-25,84.29,0.00061,0
2022-11-28,83.76,-0.00636,0
2022-11-29,83.81,0.00056,0
2022-11-30,82.72,-0.01302,0
2022-12-01,82.57,-0.00187,0
2022-12-02,82.78,0.00251,0
2022-12-05,82.95,0.00204,0
2022-12-06,83.58,0.00765,0
2022-12-07,83.09,-0.00592,0
2022-12-08,83.11,0.00027,0
2022-12-09,83.64,0.00633,0
2022-12-12,83.85,0.00246,0
2022-12-13,84.32,0.0056,0
2022-12-14,83.78,-0.00635,0
2022-12-15,83.88,0.00118,0
2022-12-16,83.83,-0.00057,0
2022-12-19,83.95,0.00134,0
2022-12-20,83.61,-0.00401,0
2022-12-21,84.33,0.00859,0
2022-12-22,84.74,0.00488,0
2022-12-23,85.4,0.00775,0
2022-12-26,85.62,0.0025,0
2022-12-27,85.32,-0.00345,0
2022-12-28,85.7,0.00444,0
2022-12-29,86.45,0.00867,0
2022-12-30,86.66,0.00249,0
2023-01-02,86.25,-0.00475,0
2023-01-03,86.02,-0.0027,0
2023-01-04,85.94,-0.00087,1
2023-01-05,88.84,0.03313,1
2023-01-06,92.59,0.04138,1
2023-01-09,90.55,-0.02229,1
2023-01-10,91.17,0.00682,1
2023-01-11,89.72,-0.01607,1
2023-01-12,86.84,-0.03255,1
2023-01-13,87.9,0.01211,1
2023-01-16,88.06,0.00174,1
2023-01-17,88.34,0.00325,1
2023-01-18,87.84,-0.00575,1
2023-01-19,88.32,0.0055,1
2023-01-20,88.73,0.00458,1
2023-01-23,90.36,0.0183,1
2023-01-24,88.46,-0.02133,1
2023-01-25,90.2,0.01953,1
2023-01-26,91.64,0.01583,1
2023-01-27,92.19,0.00603,1
2023-01-30,92.1,-0.00107,1
2023-01-31,91.72,-0.00406,1
2023-02-01,91.37,-0.00386,1
2023-02-02,91.27,-0.00107,1
2023-02-03,87.9,-0.03761,1
2023-02-06,92.73,0.05341,1
2023-02-07,94.98,0.02401,1
2023-02-08,99.02,0.04167,1
2023-02-09,100.33,0.01317,1
2023-02-10,98.67,-0.01674,1
2023-02-13,99.63,0.00967,1
2023-02-14,100.2,0.00577,0
2023-02-15,99.1,-0.01102,2
2023-02-16,100.66,0.01556,2
2023-02-17,100.16,-0.00497,2
2023-02-20,101.04,0.00874,2
2023-02-21,102.82,0.01746,2
2023-02-22,103.17,0.00344,2
2023-02-23,104.16,0.00953,0
2023-02-24,103.34,-0.0079,0
2023-02-27,102.74,-0.00584,0
2023-02-28,102.32,-0.0041,0
2023-03-01,101.12,-0.01176,0
2023-03-02,100.18,-0.00939,0
2023-03-03,101.14,0.00954,0
2023-03-06,101.93,0.0078,0
2023-03-07,101.66,-0.00264,0
2023-03-08,103.1,0.01409,0
2023-03-09,103.0,-0.00098,0
2023-03-10,104.24,0.01197,0
2023-03-13,105.51,0.01212,0
2023-03-14,105.2,-0.00295,0
2023-03-15,105.81,0.00577,0
2023-03-16,106.61,0.0075,0
2023-03-17,106.28,-0.0031,0
2023-03-20,104.61,-0.01584,0
2023-03-21,105.19,0.00561,0
2023-03-22,104.75,-0.00426,0
2023-03-23,104.75,-1e-05,0
2023-03-24,104.95,0.00194,0
2023-03-27,105.4,0.00426,0
2023-03-28,105.26,-0.0013,0
2023-03-29,105.51,0.00237,0
2023-03-30,106.36,0.00799,0
2023-03-31,105.21,-0.01082,0
2023-04-03,104.41,-0.00766,0
2023-04-04,103.76,-0.00625,0
2023-04-05,103.51,-0.00237,0
2023-04-06,104.08,0.00543,0
2023-04-07,104.81,0.007,0
2023-04-10,104.77,-0.00037,0
2023-04-11,104.73,-0.00035,0
2023-04-12,105.69,0.00914,0
2023-04-13,105.91,0.00203,0
2023-04-14,105.75,-0.00147,0
2023-04-17,106.41,0.0062,0
2023-04-18,106.99,0.00547,0
2023-04-19,107.33,0.00317,0
2023-04-20,107.05,-0.00264,0
2023-04-21,106.51,-0.00506,0
2023-04-24,106.03,-0.00455,0
2023-04-25,105.58,-0.00424,0
2023-04-26,105.08,-0.00474,0
2023-04-27,104.83,-0.00236,0
2023-04-28,104.91,0.00072,0
2023-05-01,105.06,0.00141,0
2023-05-02,104.43,-0.00599,0
2023-05-03,104.67,0.00228,0
2023-05-04,104.81,0.00132,0
2023-05-05,104.82,0.00014,0
2023-05-08,104.52,-0.00282,0
2023-05-09,103.91,-0.00586,0
2023-05-10,104.35,0.0042,0
2023-05-11,104.49,0.00128,0
2023-05-12,104.79,0.00289,0
2023-05-15,104.6,-0.00176,0
2023-05-16,104.35,-0.00245,0
2023-05-17,105.07,0.00691,0
2023-05-18,106.85,0.01678,0
2023-05-19,106.74,-0.00097,0
2023-05-22,106.93,0.00171,0
2023-05-23,106.96,0.0003,0
2023-05-24,106.51,-0.00417,0
2023-05-25,106.31,-0.00189,0
2023-05-26,107.69,0.01286,0
2023-05-29,107.32,-0.00346,0
2023-05-30,107.45,0.00124,0
2023-05-31,107.12,-0.00308,0
2023-06-01,107.17,0.00045,0
2023-06-02,106.8,-0.00345,0
2023-06-05,106.56,-0.00226,0
2023-06-06,105.72,-0.00788,0
2023-06-07,105.86,0.00137,0
2023-06-08,105.72,-0.00136,0
2023-06-09,106.13,0.00387,0
2023-06-12,106.06,-0.00063,2
2023-06-13,105.14,-0.00873,2
2023-06-14,103.93,-0.01158,2
2023-06-15,103.93,4e-05,2
2023-06-16,105.59,0.01581,2
2023-06-19,104.88,-0.00672,2
2023-06-20,102.62,-0.02187,2
2023-06-21,102.87,0.00251,2
2023-06-22,104.36,0.01436,2
2023-06-23,105.05,0.00654,2
2023-06-26,103.53,-0.01453,2
2023-06-27,103.69,0.00151,2
2023-06-28,104.74,0.01011,2
2023-06-29,104.21,-0.00503,2
2023-06-30,103.54,-0.00646,2
2023-07-03,102.91,-0.00609,2
2023-07-04,102.68,-0.00229,2
2023-07-05,101.27,-0.01386,2
2023-07-06,101.51,0.0024,2
2023-07-07,101.81,0.00299,2
2023-07-10,102.15,0.00328,2
2023-07-11,102.1,-0.00044,2
2023-07-12,100.67,-0.01417,2
2023-07-13,100.59,-0.00073,0
2023-07-14,101.76,0.01156,0
2023-07-17,101.98,0.00214,0
2023-07-18,101.57,-0.00403,0
2023-07-19,102.02,0.00438,0
2023-07-20,103.21,0.01165,0
2023-07-21,103.51,0.0029,0
2023-07-24,103.49,-0.00019,0
2023-07-25,104.39,0.00864,0
2023-07-26,104.16,-0.00219,0
2023-07-27,104.87,0.00676,0
2023-07-28,104.6,-0.00259,0
2023-07-31,104.42,-0.00166,0
2023-08-01,104.98,0.00538,0
2023-08-02,105.86,0.00834,0
2023-08-03,105.88,0.00018,0
2023-08-04,108.85,0.0276,1
2023-08-07,109.63,0.00714,1
2023-08-08,107.37,-0.02076,1
2023-08-09,106.15,-0.01145,1
2023-08-10,107.3,0.01078,1
2023-08-11,110.71,0.03122,1
2023-08-14,113.22,0.0225,1
2023-08-15,115.85,0.02289,1
2023-08-16,112.04,-0.0334,1
2023-08-17,113.8,0.01557,1
2023-08-18,115.43,0.01422,1
2023-08-21,115.98,0.00474,1
2023-08-22,117.59,0.01381,1
2023-08-23,112.67,-0.04272,1
2023-08-24,106.49,-0.05645,1
2023-08-25,106.94,0.00427,1
2023-08-28,106.59,-0.00332,1
2023-08-29,105.83,-0.00712,1
2023-08-30,106.72,0.00832,1
2023-08-31,107.03,0.0029,1
2023-09-01,107.65,0.00581,1
2023-09-04,108.31,0.00613,0
2023-09-05,108.06,-0.00236,0
2023-09-06,108.36,0.00284,0
2023-09-07,108.03,-0.00307,0
2023-09-08,106.9,-0.01051,0
2023-09-11,106.8,-0.00098,0
2023-09-12,107.56,0.0071,0
2023-09-13,107.09,-0.00438,0
2023-09-14,107.45,0.00337,0
2023-09-15,108.12,0.00619,0
2023-09-18,108.68,0.00521,0
2023-09-19,108.35,-0.0031,0
2023-09-20,107.96,-0.0036,0
2023-09-21,108.07,0.00102,0
2023-09-22,108.32,0.00239,0
2023-09-25,108.83,0.00465,0
2023-09-26,109.34,0.00472,0
2023-09-27,111.21,0.01693,0
2023-09-28,112.29,0.00964,0
2023-09-29,112.14,-0.00131,0
2023-10-02,113.66,0.01343,0
2023-10-03,112.99,-0.00588,0
2023-10-04,112.4,-0.00529,0
2023-10-05,113.02,0.0055,0
2023-10-06,112.93,-0.00074,0
2023-10-09,111.4,-0.01362,0
2023-10-10,112.49,0.00967,0
2023-10-11,112.99,0.00447,0
2023-10-12,113.01,0.00017,0
2023-10-13,112.98,-0.00031,0
2023-10-16,112.92,-0.00052,0
2023-10-17,111.61,-0.01161,0
2023-10-18,111.11,-0.00457,0
2023-10-19,110.75,-0.00322,0
2023-10-20,111.56,0.00731,0
2023-10-23,111.26,-0.00267,0
2023-10-24,111.61,0.00306,0
2023-10-25,111.57,-0.00028,0
2023-10-26,111.07,-0.00452,0
2023-10-27,111.34,0.00241,0
2023-10-30,111.42,0.00069,0
2023-10-31,112.23,0.00726,0
