Date,Close,Daily_Return
1991-01-03,1613.63,-0.009283
1991-01-04,1606.51,-0.004412
1991-01-07,1621.04,0.009044
1991-01-08,1618.16,-0.001777
1991-01-09,1610.61,-0.004666
1991-01-10,1630.75,0.012505
1991-01-11,1640.17,0.005776
1991-01-14,1635.47,-0.002866
1991-01-15,1645.89,0.006371
1991-01-16,1647.84,0.001185
1991-01-17,1638.35,-0.005759
1991-01-18,1629.93,-0.005139
1991-01-21,1621.49,-0.005178
1991-01-22,1624.74,0.002004
1991-01-23,1627.63,0.001779
1991-01-24,1631.99,0.002679
1991-01-25,1621.18,-0.006624
1991-01-28,1613.42,-0.004787
1991-01-29,1604.95,-0.00525
1991-01-30,1605.75,0.000498
1991-01-31,1616.67,0.006801
1991-02-01,1619.29,0.001621
1991-02-04,1620.49,0.000741
1991-02-05,1619.67,-0.000506
1991-02-06,1623.07,0.002099
1991-02-07,1613.98,-0.0056
1991-02-08,1631.87,0.011084
1991-02-11,1630.37,-0.000919
1991-02-12,1633.47,0.001901
1991-02-13,1626.55,-0.004236
1991-02-14,1650.43,0.014681
1991-02-15,1650.06,-0.000224
1991-02-18,1654.11,0.002454
1991-02-19,1653.6,-0.000308
1991-02-20,1501.82,-0.091788
1991-02-21,1524.28,0.014955
1991-02-22,1603.65,0.05207
1991-02-25,1622.49,0.011748
1991-02-26,1636.68,0.008746
1991-02-27,1652.1,0.009422
1991-02-28,1645.81,-0.003807
1991-03-01,1650.36,0.002765
1991-03-04,1651.55,0.000721
1991-03-05,1649.88,-0.001011
1991-03-06,1653.52,0.002206
1991-03-07,1657.51,0.002413
1991-03-08,1649.55,-0.004802
1991-03-11,1649.09,-0.000279
1991-03-12,1646.41,-0.001625
1991-03-13,1638.65,-0.004713
1991-03-14,1625.8,-0.007842
1991-03-15,1628.64,0.001747
1991-03-18,1632.22,0.002198
1991-03-19,1633.65,0.000876
1991-03-20,1631.17,-0.001518
1991-03-21,1635.8,0.002838
1991-03-22,1621.27,-0.008883
1991-03-25,1624.7,0.002116
1991-03-26,1616.13,-0.005275
1991-03-27,1618.12,0.001231
1991-03-28,1627.8,0.005982
1991-03-29,1625.79,-0.001235
1991-04-01,1614.8,-0.00676
1991-04-02,1612.8,-0.001239
1991-04-03,1605.47,-0.004545
1991-04-04,1609.32,0.002398
1991-04-05,1607.48,-0.001143
1991-04-08,1607.48,0.0
1991-04-09,1604.89,-0.001611
1991-04-10,1589.12,-0.009826
1991-04-11,1582.27,-0.004311
1991-04-12,1567.99,-0.009025
1991-04-15,1568.16,0.000108
1991-04-16,1569.71,0.000988
1991-04-17,1571.74,0.001293
1991-04-18,1585.41,0.008697
1991-04-19,1570.01,-0.009714
1991-04-22,1561.89,-0.005172
1991-04-23,1565.18,0.002106
1991-04-24,1570.34,0.003297
1991-04-25,1577.0,0.004241
1991-04-26,1590.29,0.008427
1991-04-29,1572.72,-0.011048
1991-04-30,1572.07,-0.000413
1991-05-01,1579.19,0.004529
1991-05-02,1588.73,0.006041
1991-05-03,1586.01,-0.001712
1991-05-06,1579.77,-0.003934
1991-05-07,1572.58,-0.004551
1991-05-08,1568.09,-0.002855
1991-05-09,1578.21,0.006454
1991-05-10,1573.94,-0.002706
1991-05-13,1582.06,0.005159
1991-05-14,1610.18,0.017774
1991-05-15,1605.16,-0.003118
1991-05-16,1623.84,0.011637
1991-05-17,1615.26,-0.005284
1991-05-20,1627.08,0.007318
1991-05-21,1626.97,-6.8e-05
1991-05-22,1605.7,-0.013073
1991-05-23,1589.7,-0.009965
1991-05-24,1589.7,0.0
1991-05-27,1603.26,0.00853
1991-05-28,1599.75,-0.002189
1991-05-29,1590.86,-0.005557
1991-05-30,1603.5,0.007945
1991-05-31,1589.86,-0.008506
1991-06-03,1587.92,-0.00122
1991-06-04,1571.06,-0.010618
1991-06-05,1549.81,-0.013526
1991-06-06,1549.36,-0.00029
1991-06-07,1554.65,0.003414
1991-06-10,1557.52,0.001846
1991-06-11,1555.31,-0.001419
1991-06-12,1559.76,0.002861
1991-06-13,1548.44,-0.007258
1991-06-14,1543.99,-0.002874
1991-06-17,1550.21,0.004029
1991-06-18,1557.03,0.004399
1991-06-19,1551.78,-0.003372
1991-06-20,1562.89,0.00716
1991-06-21,1570.28,0.004728
1991-06-24,1559.26,-0.007018
1991-06-25,1545.87,-0.008587
1991-06-26,1542.77,-0.002005
1991-06-27,1542.77,0.0
1991-06-28,1542.77,0.0
1991-07-01,1542.77,0.0
1991-07-02,1564.27,0.013936
1991-07-03,1577.26,0.008304
1991-07-04,1577.26,0.0
1991-07-05,1577.26,0.0
1991-07-08,1598.19,0.01327
1991-07-09,1604.05,0.003667
1991-07-10,1604.69,0.000399
1991-07-11,1593.65,-0.00688
1991-07-12,1581.68,-0.007511
1991-07-15,1599.14,0.011039
1991-07-16,1613.82,0.00918
1991-07-17,1620.45,0.004108
1991-07-18,1629.51,0.005591
1991-07-19,1663.7,0.020982
1991-07-22,1664.09,0.000234
1991-07-23,1669.29,0.003125
1991-07-24,1685.14,0.009495
1991-07-25,1687.07,0.001145
1991-07-26,1680.13,-0.004114
1991-07-29,1671.84,-0.004934
1991-07-30,1669.52,-0.001388
1991-07-31,1686.71,0.010296
1991-08-01,1685.51,-0.000711
1991-08-02,1671.01,-0.008603
1991-08-05,1683.06,0.007211
1991-08-06,1685.7,0.001569
1991-08-07,1685.66,-2.4e-05
1991-08-08,1678.77,-0.004087
1991-08-09,1685.85,0.004217
1991-08-12,1683.71,-0.001269
1991-08-13,1686.59,0.001711
1991-08-14,1683.73,-0.001696
1991-08-15,1679.14,-0.002726
1991-08-16,1685.03,0.003508
1991-08-19,1680.81,-0.002504
1991-08-20,1676.17,-0.002761
1991-08-21,1688.46,0.007332
1991-08-22,1696.55,0.004791
1991-08-23,1690.24,-0.003719
1991-08-26,1711.35,0.012489
1991-08-27,1711.29,-3.5e-05
1991-08-28,1729.86,0.010851
1991-08-29,1716.63,-0.007648
1991-08-30,1743.36,0.015571
1991-09-02,1745.17,0.001038
1991-09-03,1746.76,0.000911
1991-09-04,1749.29,0.001448
1991-09-05,1763.86,0.008329
1991-09-06,1762.27,-0.000901
1991-09-09,1762.29,1.1e-05
1991-09-10,1746.77,-0.008807
1991-09-11,1753.5,0.003853
1991-09-12,1753.21,-0.000165
1991-09-13,1739.88,-0.007603
1991-09-16,1723.92,-0.009173
1991-09-17,1734.42,0.006091
1991-09-18,1723.13,-0.006509
1991-09-19,1732.92,0.005682
1991-09-20,1729.89,-0.001748
1991-09-23,1725.74,-0.002399
1991-09-24,1730.9,0.00299
1991-09-25,1714.17,-0.009665
1991-09-26,1716.2,0.001184
1991-09-27,1719.06,0.001666
1991-09-30,1718.21,-0.000494
1991-10-01,1698.84,-0.011273
1991-10-02,1714.76,0.009371
1991-10-03,1718.35,0.002094
1991-10-04,1706.69,-0.006786
1991-10-07,1723.37,0.009773
1991-10-08,1716.18,-0.004172
1991-10-09,1738.78,0.013169
1991-10-10,1737.41,-0.000788
1991-10-11,1714.77,-0.013031
1991-10-14,1724.24,0.005523
1991-10-15,1733.77,0.005527
1991-10-16,1729.96,-0.002198
1991-10-17,1734.46,0.002601
1991-10-18,1744.35,0.005702
1991-10-21,1746.88,0.00145
1991-10-22,1746.88,0.0
1991-10-23,1746.88,0.0
1991-10-24,1747.47,0.000338
1991-10-25,1753.1,0.003222
1991-10-28,1745.17,-0.004523
1991-10-29,1745.72,0.000315
1991-10-30,1742.92,-0.001604
1991-10-31,1731.68,-0.006449
1991-11-01,1731.18,-0.000289
1991-11-04,1728.09,-0.001785
1991-11-05,1728.09,0.0
1991-11-06,1731.29,0.001852
1991-11-07,1733.82,0.001461
1991-11-08,1745.78,0.006898
1991-11-11,1752.57,0.003889
1991-11-12,1748.13,-0.002533
1991-11-13,1750.7,0.00147
1991-11-14,1747.91,-0.001594
1991-11-15,1745.79,-0.001213
1991-11-18,1735.34,-0.005986
1991-11-19,1719.92,-0.008886
1991-11-20,1763.59,0.025391
1991-11-21,1766.76,0.001797
1991-11-22,1785.4,0.01055
1991-11-25,1783.56,-0.001031
1991-11-26,1804.42,0.011696
1991-11-27,1812.33,0.004384
1991-11-28,1799.51,-0.007074
1991-11-29,1792.8,-0.003729
1991-12-02,1792.8,0.0
1991-12-03,1806.36,0.007564
1991-12-04,1798.23,-0.004501
1991-12-05,1800.62,0.001329
1991-12-06,1786.19,-0.008014
1991-12-09,1791.35,0.002889
1991-12-10,1789.05,-0.001284
1991-12-11,1789.05,0.0
1991-12-12,1784.71,-0.002426
1991-12-13,1789.45,0.002656
1991-12-16,1779.74,-0.005426
1991-12-17,1786.97,0.004062
1991-12-18,1773.25,-0.007678
1991-12-19,1781.62,0.00472
1991-12-20,1773.75,-0.004417
1991-12-23,1773.75,0.0
1991-12-24,1776.34,0.00146
1991-12-25,1770.72,-0.003164
1991-12-26,1772.39,0.000943
1991-12-27,1762.55,-0.005552
1991-12-30,1764.35,0.001021
1991-12-31,1752.83,-0.006529
1992-01-01,1755.98,0.001797
1992-01-02,1754.95,-0.000587
1992-01-03,1759.9,0.002821
1992-01-06,1759.84,-3.4e-05
1992-01-07,1776.5,0.009467
1992-01-08,1769.98,-0.00367
1992-01-09,1766.98,-0.001695
1992-01-10,1752.29,-0.008314
1992-01-13,1760.17,0.004497
1992-01-14,1750.32,-0.005596
1992-01-15,1731.44,-0.010787
1992-01-16,1735.51,0.002351
1992-01-17,1733.84,-0.000962
1992-01-20,1730.78,-0.001765
1992-01-21,1699.46,-0.018096
1992-01-22,1652.71,-0.027509
1992-01-23,1654.09,0.000835
1992-01-24,1636.81,-0.010447
1992-01-27,1622.81,-0.008553
1992-01-28,1613.36,-0.005823
1992-01-29,1617.78,0.00274
1992-01-30,1617.18,-0.000371
1992-01-31,1637.62,0.012639
1992-02-03,1622.2,-0.009416
1992-02-04,1608.49,-0.008451
1992-02-05,1605.11,-0.002101
1992-02-06,1609.61,0.002804
1992-02-07,1624.94,0.009524
1992-02-10,1618.07,-0.004228
1992-02-11,1611.96,-0.003776
1992-02-12,1578.95,-0.020478
1992-02-13,1561.39,-0.011121
1992-02-14,1547.87,-0.008659
1992-02-17,1548.63,0.000491
1992-02-18,1560.16,0.007445
1992-02-19,1554.76,-0.003461
1992-02-20,1531.87,-0.014723
1992-02-21,1526.14,-0.003741
1992-02-24,1509.03,-0.011211
1992-02-25,1530.03,0.013916
1992-02-26,1484.97,-0.02945
1992-02-27,1464.03,-0.014101
1992-02-28,1475.11,0.007568
1992-03-02,1516.12,0.027801
1992-03-03,1519.69,0.002355
1992-03-04,1529.97,0.006765
1992-03-05,1516.44,-0.008843
1992-03-06,1515.53,-0.0006
1992-03-09,1543.89,0.018713
1992-03-10,1534.72,-0.00594
1992-03-11,1538.66,0.002567
1992-03-12,1536.71,-0.001267
1992-03-13,1523.83,-0.008382
1992-03-16,1527.1,0.002146
1992-03-17,1530.2,0.00203
1992-03-18,1601.5,0.046595
1992-03-19,1580.29,-0.013244
1992-03-20,1595.09,0.009365
1992-03-23,1579.47,-0.009793
1992-03-24,1600.59,0.013372
1992-03-25,1566.0,-0.021611
1992-03-26,1557.01,-0.005741
1992-03-27,1542.74,-0.009165
1992-03-30,1536.3,-0.004174
1992-03-31,1510.66,-0.016689
1992-04-01,1481.03,-0.019614
1992-04-02,1483.83,0.001891
1992-04-03,1470.09,-0.00926
1992-04-06,1484.78,0.009993
1992-04-07,1475.41,-0.006311
1992-04-08,1402.34,-0.049525
1992-04-09,1421.49,0.013656
1992-04-10,1434.61,0.00923
1992-04-13,1446.32,0.008162
1992-04-14,1437.65,-0.005995
1992-04-15,1441.57,0.002727
1992-04-16,1471.64,0.020859
1992-04-17,1453.95,-0.012021
1992-04-20,1453.79,-0.00011
1992-04-21,1458.02,0.00291
1992-04-22,1479.59,0.014794
1992-04-23,1504.89,0.017099
1992-04-24,1496.54,-0.005549
1992-04-27,1511.0,0.009662
1992-04-28,1528.86,0.01182
1992-04-29,1534.02,0.003375
1992-04-30,1536.6,0.001682
1992-05-01,1508.19,-0.018489
1992-05-04,1493.54,-0.009714
1992-05-05,1489.68,-0.002584
1992-05-06,1482.44,-0.00486
1992-05-07,1483.34,0.000607
1992-05-08,1470.57,-0.008609
1992-05-11,1484.84,0.009704
1992-05-12,1487.71,0.001933
1992-05-13,1508.63,0.014062
1992-05-14,1515.27,0.004401
1992-05-15,1509.84,-0.003584
1992-05-18,1542.28,0.021486
1992-05-19,1541.79,-0.000318
1992-05-20,1542.48,0.000448
1992-05-21,1550.27,0.00505
1992-05-22,1550.27,0.0
1992-05-25,1543.37,-0.004451
1992-05-26,1547.84,0.002896
1992-05-27,1523.62,-0.015648
1992-05-28,1526.68,0.002008
1992-05-29,1513.42,-0.008686
1992-06-01,1523.02,0.006343
1992-06-02,1529.69,0.004379
1992-06-03,1545.12,0.010087
1992-06-04,1546.82,0.0011
1992-06-05,1528.12,-0.012089
1992-06-08,1530.65,0.001656
1992-06-09,1526.25,-0.002875
1992-06-10,1519.48,-0.004436
1992-06-11,1506.65,-0.008444
1992-06-12,1504.3,-0.00156
1992-06-15,1480.65,-0.015722
1992-06-16,1476.7,-0.002668
1992-06-17,1478.07,0.000928
1992-06-18,1479.62,0.001049
1992-06-19,1477.55,-0.001399
1992-06-22,1472.59,-0.003357
1992-06-23,1495.6,0.015626
1992-06-24,1517.45,0.01461
1992-06-25,1520.93,0.002293
1992-06-26,1527.06,0.00403
1992-06-29,1527.06,0.0
1992-06-30,1527.06,0.0
1992-07-01,1547.51,0.013392
1992-07-02,1545.82,-0.001092
1992-07-03,1538.43,-0.004781
1992-07-06,1538.43,0.0
1992-07-07,1538.43,0.0
1992-07-08,1538.04,-0.000254
1992-07-09,1554.03,0.010396
1992-07-10,1551.17,-0.00184
1992-07-13,1538.37,-0.008252
1992-07-14,1529.1,-0.006026
1992-07-15,1522.26,-0.004473
1992-07-16,1533.79,0.007574
1992-07-17,1510.18,-0.015393
1992-07-20,1526.91,0.011078
1992-07-21,1555.52,0.018737
1992-07-22,1581.49,0.016695
1992-07-23,1572.61,-0.005615
1992-07-24,1572.69,5.1e-05
1992-07-27,1580.64,0.005055
1992-07-28,1593.35,0.008041
1992-07-29,1571.28,-0.013851
1992-07-30,1575.59,0.002743
1992-07-31,1561.78,-0.008765
1992-08-03,1572.68,0.006979
1992-08-04,1574.04,0.000865
1992-08-05,1590.33,0.010349
1992-08-06,1584.14,-0.003892
1992-08-07,1605.91,0.013742
1992-08-10,1615.98,0.006271
1992-08-11,1643.83,0.017234
1992-08-12,1646.85,0.001837
1992-08-13,1639.12,-0.004694
1992-08-14,1642.8,0.002245
1992-08-17,1659.07,0.009904
1992-08-18,1649.64,-0.005684
1992-08-19,1674.93,0.015331
1992-08-20,1651.6,-0.013929
1992-08-21,1656.35,0.002876
1992-08-24,1670.9,0.008784
1992-08-25,1683.3,0.007421
1992-08-26,1679.41,-0.002311
1992-08-27,1658.09,-0.012695
1992-08-28,1652.92,-0.003118
1992-08-31,1661.96,0.005469
1992-09-01,1680.02,0.010867
1992-09-02,1691.37,0.006756
1992-09-03,1701.46,0.005966
1992-09-04,1690.48,-0.006453
1992-09-07,1685.46,-0.00297
1992-09-08,1686.15,0.000409
1992-09-09,1702.27,0.00956
1992-09-10,1711.91,0.005663
1992-09-11,1714.48,0.001501
1992-09-14,1708.65,-0.0034
1992-09-15,1688.74,-0.011652
1992-09-16,1705.05,0.009658
1992-09-17,1700.28,-0.002798
1992-09-18,1689.71,-0.006217
1992-09-21,1696.38,0.003947
1992-09-22,1686.57,-0.005783
1992-09-23,1656.59,-0.017776
1992-09-24,1653.2,-0.002046
1992-09-25,1666.72,0.008178
1992-09-28,1663.27,-0.00207
1992-09-29,1667.26,0.002399
1992-09-30,1675.18,0.00475
1992-10-01,1686.64,0.006841
1992-10-02,1676.84,-0.00581
1992-10-05,1670.04,-0.004055
1992-10-06,1657.06,-0.007772
1992-10-07,1658.36,0.000785
1992-10-08,1667.64,0.005596
1992-10-09,1654.6,-0.007819
1992-10-12,1658.13,0.002133
1992-10-13,1658.13,0.0
1992-10-14,1658.13,0.0
1992-10-15,1671.54,0.008087
1992-10-16,1674.95,0.00204
1992-10-19,1674.67,-0.000167
1992-10-20,1678.65,0.002377
1992-10-21,1687.14,0.005058
1992-10-22,1680.06,-0.004196
1992-10-23,1666.49,-0.008077
1992-10-26,1680.01,0.008113
1992-10-27,1656.03,-0.014274
1992-10-28,1643.53,-0.007548
1992-10-29,1636.59,-0.004223
1992-10-30,1630.88,-0.003489
1992-11-02,1618.6,-0.00753
1992-11-03,1626.83,0.005085
1992-11-04,1632.0,0.003178
1992-11-05,1619.92,-0.007402
1992-11-06,1628.88,0.005531
1992-11-09,1617.74,-0.006839
1992-11-10,1607.7,-0.006206
1992-11-11,1616.45,0.005443
1992-11-12,1613.46,-0.00185
1992-11-13,1632.99,0.012104
1992-11-16,1636.02,0.001855
1992-11-17,1632.35,-0.002243
1992-11-18,1630.37,-0.001213
1992-11-19,1619.26,-0.006814
1992-11-20,1606.64,-0.007794
1992-11-23,1606.64,0.0
1992-11-24,1613.98,0.004569
1992-11-25,1608.58,-0.003346
1992-11-26,1623.05,0.008996
1992-11-27,1617.18,-0.003617
1992-11-30,1633.18,0.009894
1992-12-01,1627.21,-0.003655
1992-12-02,1627.21,0.0
1992-12-03,1625.59,-0.000996
1992-12-04,1628.53,0.001809
1992-12-07,1630.56,0.001247
1992-12-08,1638.47,0.004851
1992-12-09,1660.88,0.013677
1992-12-10,1662.28,0.000843
1992-12-11,1679.69,0.010474
1992-12-14,1679.69,0.0
1992-12-15,1685.85,0.003667
1992-12-16,1686.44,0.00035
1992-12-17,1684.57,-0.001109
1992-12-18,1689.93,0.003182
1992-12-21,1681.47,-0.005006
1992-12-22,1687.14,0.003372
1992-12-23,1697.26,0.005998
1992-12-24,1698.33,0.00063
1992-12-25,1690.96,-0.00434
1992-12-28,1692.16,0.00071
1992-12-29,1699.52,0.004349
1992-12-30,1712.33,0.007537
1992-12-31,1703.05,-0.00542
1993-01-01,1700.93,-0.001245
1993-01-04,1698.36,-0.001511
1993-01-05,1697.39,-0.000571
1993-01-06,1694.83,-0.001508
1993-01-07,1705.66,0.00639
1993-01-08,1739.48,0.019828
1993-01-11,1798.63,0.034004
1993-01-12,1798.36,-0.00015
1993-01-13,1808.74,0.005772
1993-01-14,1806.52,-0.001227
1993-01-15,1815.63,0.005043
1993-01-18,1807.12,-0.004687
1993-01-19,1829.36,0.012307
1993-01-20,1835.09,0.003132
1993-01-21,1826.45,-0.004708
1993-01-22,1821.28,-0.002831
1993-01-25,1828.53,0.003981
1993-01-26,1830.61,0.001138
1993-01-27,1859.49,0.015776
1993-01-28,1846.02,-0.007244
1993-01-29,1832.2,-0.007486
1993-02-01,1823.4,-0.004803
1993-02-02,1823.07,-0.000181
1993-02-03,1818.1,-0.002726
1993-02-04,1857.36,0.021594
1993-02-05,1861.22,0.002078
1993-02-08,1870.8,0.005147
1993-02-09,1878.94,0.004351
1993-02-10,1870.24,-0.00463
1993-02-11,1864.51,-0.003064
1993-02-12,1894.56,0.016117
1993-02-15,1908.69,0.007458
1993-02-16,1917.69,0.004715
1993-02-17,1903.44,-0.007431
1993-02-18,1918.75,0.008043
1993-02-19,1930.29,0.006014
1993-02-22,1937.77,0.003875
1993-02-23,1909.53,-0.014573
1993-02-24,1893.48,-0.008405
1993-02-25,1907.65,0.007484
1993-02-26,1915.59,0.004162
1993-03-01,1890.58,-0.013056
1993-03-02,1909.54,0.010029
1993-03-03,1929.56,0.010484
1993-03-04,1931.88,0.001202
1993-03-05,1923.67,-0.00425
1993-03-08,1928.63,0.002578
1993-03-09,1920.43,-0.004252
1993-03-10,1911.15,-0.004832
1993-03-11,1878.77,-0.016943
1993-03-12,1870.32,-0.004498
1993-03-15,1870.46,7.5e-05
1993-03-16,1868.28,-0.001165
1993-03-17,1874.38,0.003265
1993-03-18,1869.25,-0.002737
1993-03-19,1852.81,-0.008795
1993-03-22,1862.62,0.005295
1993-03-23,1884.67,0.011838
1993-03-24,1922.69,0.020173
1993-03-25,1922.05,-0.000333
1993-03-26,1899.54,-0.011711
1993-03-29,1902.14,0.001369
1993-03-30,1890.18,-0.006288
1993-03-31,1914.4,0.012814
1993-04-01,1915.61,0.000632
1993-04-02,1908.97,-0.003466
1993-04-05,1910.23,0.00066
1993-04-06,1920.46,0.005355
1993-04-07,1934.99,0.007566
1993-04-08,1973.45,0.019876
1993-04-09,1994.09,0.010459
1993-04-12,1991.95,-0.001073
1993-04-13,2015.71,0.011928
1993-04-14,2009.28,-0.00319
1993-04-15,2004.11,-0.002573
1993-04-16,1999.6,-0.00225
1993-04-19,1995.35,-0.002125
1993-04-20,2023.26,0.013988
1993-04-21,2032.25,0.004443
1993-04-22,2036.93,0.002303
1993-04-23,2029.87,-0.003466
1993-04-26,2048.05,0.008956
1993-04-27,2083.62,0.017368
1993-04-28,2061.18,-0.01077
1993-04-29,2048.75,-0.006031
1993-04-30,2040.97,-0.003797
1993-05-03,2053.66,0.006218
1993-05-04,2064.98,0.005512
1993-05-05,2068.51,0.001709
1993-05-06,2086.4,0.008649
1993-05-07,2086.22,-8.6e-05
1993-05-10,2057.1,-0.013958
1993-05-11,2013.65,-0.021122
1993-05-12,2007.5,-0.003054
1993-05-13,2040.74,0.016558
1993-05-14,2020.11,-0.010109
1993-05-17,2021.81,0.000842
1993-05-18,2023.06,0.000618
1993-05-19,2047.2,0.011932
1993-05-20,2070.17,0.01122
1993-05-21,2070.17,0.0
1993-05-24,2075.99,0.002811
1993-05-25,2072.13,-0.001859
1993-05-26,2020.36,-0.024984
1993-05-27,2027.99,0.003777
1993-05-28,2036.45,0.004172
1993-05-31,2057.8,0.010484
1993-06-01,2045.25,-0.006099
1993-06-02,2052.09,0.003344
1993-06-03,2052.92,0.000404
1993-06-04,2089.77,0.01795
1993-06-07,2099.76,0.00478
1993-06-08,2128.3,0.013592
1993-06-09,2118.01,-0.004835
1993-06-10,2127.39,0.004429
1993-06-11,2165.95,0.018125
1993-06-14,2166.58,0.000291
1993-06-15,2165.5,-0.000498
1993-06-16,2163.83,-0.000771
1993-06-17,2128.07,-0.016526
1993-06-18,2129.52,0.000681
1993-06-21,2144.03,0.006814
1993-06-22,2154.76,0.005005
1993-06-23,2188.18,0.01551
1993-06-24,2183.78,-0.002011
1993-06-25,2209.17,0.011627
1993-06-28,2227.63,0.008356
1993-06-29,2227.63,0.0
1993-06-30,2266.7,0.017539
1993-07-01,2236.91,-0.013142
1993-07-02,2229.62,-0.003259
1993-07-05,2255.29,0.011513
1993-07-06,2255.29,0.0
1993-07-07,2274.62,0.008571
1993-07-08,2249.85,-0.01089
1993-07-09,2233.61,-0.007218
1993-07-12,2220.63,-0.005811
1993-07-13,2224.95,0.001945
1993-07-14,2225.0,2.2e-05
1993-07-15,2228.1,0.001393
1993-07-16,2182.06,-0.020663
1993-07-19,2142.37,-0.018189
1993-07-20,2151.05,0.004052
1993-07-21,2115.56,-0.016499
1993-07-22,2130.35,0.006991
1993-07-23,2132.52,0.001019
1993-07-26,2098.36,-0.016019
1993-07-27,2073.94,-0.011638
1993-07-28,2107.29,0.016081
1993-07-29,2090.78,-0.007835
1993-07-30,2128.66,0.018118
1993-08-02,2123.31,-0.002513
1993-08-03,2156.61,0.015683
1993-08-04,2192.6,0.016688
1993-08-05,2181.88,-0.004889
1993-08-06,2184.05,0.000995
1993-08-09,2137.08,-0.021506
1993-08-10,2143.9,0.003191
1993-08-11,2095.11,-0.022758
1993-08-12,2099.57,0.002129
1993-08-13,2116.43,0.00803
1993-08-16,2119.69,0.00154
1993-08-17,2108.77,-0.005152
1993-08-18,2101.93,-0.003244
1993-08-19,2130.71,0.013692
1993-08-20,2135.25,0.002131
1993-08-23,2162.29,0.012664
1993-08-24,2133.85,-0.013153
1993-08-25,2108.06,-0.012086
1993-08-26,2113.64,0.002647
1993-08-27,2140.25,0.01259
1993-08-30,2082.9,-0.026796
1993-08-31,2075.33,-0.003634
1993-09-01,2103.24,0.013448
1993-09-02,2057.2,-0.02189
1993-09-03,2018.69,-0.01872
1993-09-06,2044.45,0.012761
1993-09-07,2076.76,0.015804
1993-09-08,2132.12,0.026657
1993-09-09,2125.47,-0.003119
1993-09-10,2118.01,-0.00351
1993-09-13,2124.51,0.003069
1993-09-14,2101.89,-0.010647
1993-09-15,2169.4,0.032119
1993-09-16,2178.91,0.004384
1993-09-17,2168.11,-0.004957
1993-09-20,2160.45,-0.003533
1993-09-21,2140.39,-0.009285
1993-09-22,2130.55,-0.004597
1993-09-23,2141.7,0.005233
1993-09-24,2162.96,0.009927
1993-09-27,2144.36,-0.008599
1993-09-28,2144.0,-0.000168
1993-09-29,2167.72,0.011063
1993-09-30,2162.82,-0.00226
1993-10-01,2151.84,-0.005077
1993-10-04,2142.88,-0.004164
1993-10-05,2142.88,0.0
1993-10-06,2142.88,0.0
1993-10-07,2177.09,0.015964
1993-10-08,2184.89,0.003583
1993-10-11,2202.57,0.008092
1993-10-12,2203.18,0.000277
1993-10-13,2224.85,0.009836
1993-10-14,2211.19,-0.00614
1993-10-15,2215.19,0.001809
1993-10-18,2198.24,-0.007652
1993-10-19,2211.92,0.006223
1993-10-20,2218.37,0.002916
1993-10-21,2193.89,-0.011035
1993-10-22,2194.09,9.1e-05
1993-10-25,2194.41,0.000146
1993-10-26,2218.13,0.010809
1993-10-27,2208.68,-0.00426
1993-10-28,2241.36,0.014796
1993-10-29,2256.98,0.006969
1993-11-01,2237.82,-0.008489
1993-11-02,2252.51,0.006564
1993-11-03,2266.72,0.006309
1993-11-04,2261.71,-0.00221
1993-11-05,2241.85,-0.008781
1993-11-08,2249.78,0.003537
1993-11-09,2233.55,-0.007214
1993-11-10,2218.77,-0.006617
1993-11-11,2241.34,0.010172
1993-11-12,2248.02,0.00298
1993-11-15,2248.02,0.0
1993-11-16,2257.33,0.004141
1993-11-17,2272.96,0.006924
1993-11-18,2268.11,-0.002134
1993-11-19,2254.21,-0.006128
1993-11-22,2245.79,-0.003735
1993-11-23,2238.97,-0.003037
1993-11-24,2238.97,0.0
1993-11-25,2188.01,-0.02276
1993-11-26,2137.56,-0.023057
1993-11-29,2146.0,0.003948
1993-11-30,2112.8,-0.015471
1993-12-01,2129.76,0.008027
1993-12-02,2137.34,0.003559
1993-12-03,2113.62,-0.011098
1993-12-06,2120.23,0.003127
1993-12-07,2158.88,0.018229
1993-12-08,2163.59,0.002182
1993-12-09,2131.8,-0.014693
1993-12-10,2143.93,0.00569
1993-12-13,2131.14,-0.005966
1993-12-14,2143.58,0.005837
1993-12-15,2084.42,-0.027599
1993-12-16,2088.44,0.001929
1993-12-17,2073.21,-0.007293
1993-12-20,2047.29,-0.012502
1993-12-21,2031.8,-0.007566
1993-12-22,1986.42,-0.022335
1993-12-23,1957.08,-0.01477
1993-12-24,2004.93,0.02445
1993-12-27,2032.52,0.013761
1993-12-28,2005.07,-0.013505
1993-12-29,2000.48,-0.002289
1993-12-30,2022.25,0.010882
1993-12-31,2042.45,0.009989
1994-01-03,2020.85,-0.010576
1994-01-04,2040.69,0.009818
1994-01-05,2061.7,0.010296
1994-01-06,2034.64,-0.013125
1994-01-07,2031.33,-0.001627
1994-01-10,2049.1,0.008748
1994-01-11,2047.83,-0.00062
1994-01-12,2069.46,0.010562
1994-01-13,2048.57,-0.010094
1994-01-14,2051.25,0.001308
1994-01-17,2070.71,0.009487
1994-01-18,2103.54,0.015854
1994-01-19,2116.96,0.00638
1994-01-20,2129.86,0.006094
1994-01-21,2120.97,-0.004174
1994-01-24,2126.75,0.002725
1994-01-25,2148.23,0.0101
1994-01-26,2144.21,-0.001871
1994-01-27,2163.32,0.008912
1994-01-28,2135.93,-0.012661
1994-01-31,2134.12,-0.000847
1994-02-01,2152.19,0.008467
1994-02-02,2161.5,0.004326
1994-02-03,2193.63,0.014865
1994-02-04,2190.83,-0.001276
1994-02-07,2176.66,-0.006468
1994-02-08,2188.81,0.005582
1994-02-09,2182.32,-0.002965
1994-02-10,2160.56,-0.009971
1994-02-11,2166.51,0.002754
1994-02-14,2156.31,-0.004708
1994-02-15,2133.74,-0.010467
1994-02-16,2134.34,0.000281
1994-02-17,2152.65,0.008579
1994-02-18,2166.56,0.006462
1994-02-21,2151.44,-0.006979
1994-02-22,2143.84,-0.003533
1994-02-23,2113.37,-0.014213
1994-02-24,2121.25,0.003729
1994-02-25,2132.98,0.00553
1994-02-28,2153.48,0.009611
1994-03-01,2190.58,0.017228
1994-03-02,2215.72,0.011476
1994-03-03,2205.82,-0.004468
1994-03-04,2207.09,0.000576
1994-03-07,2185.78,-0.009655
1994-03-08,2197.38,0.005307
1994-03-09,2173.6,-0.010822
1994-03-10,2158.07,-0.007145
1994-03-11,2167.68,0.004453
1994-03-14,2178.1,0.004807
1994-03-15,2155.58,-0.010339
1994-03-16,2155.81,0.000107
1994-03-17,2157.15,0.000622
1994-03-18,2118.17,-0.01807
1994-03-21,2129.36,0.005283
1994-03-22,2097.45,-0.014986
1994-03-23,2100.55,0.001478
1994-03-24,2059.15,-0.019709
1994-03-25,2067.17,0.003895
1994-03-28,2072.81,0.002728
1994-03-29,2097.33,0.011829
1994-03-30,2057.83,-0.018833
1994-03-31,2056.89,-0.000457
1994-04-01,2070.36,0.006549
1994-04-04,2016.08,-0.026218
1994-04-05,2002.3,-0.006835
1994-04-06,2002.3,0.0
1994-04-07,1988.67,-0.006807
1994-04-08,1946.49,-0.02121
1994-04-11,1965.41,0.00972
1994-04-12,1977.67,0.006238
1994-04-13,2048.56,0.035845
1994-04-14,2087.71,0.019111
1994-04-15,2072.68,-0.007199
1994-04-18,2108.08,0.017079
1994-04-19,2118.52,0.004952
1994-04-20,2095.58,-0.010828
1994-04-21,2069.58,-0.012407
1994-04-22,2055.94,-0.006591
1994-04-25,2048.15,-0.003789
1994-04-26,2016.6,-0.015404
1994-04-27,2022.64,0.002995
1994-04-28,1995.85,-0.013245
1994-04-29,2009.45,0.006814
1994-05-02,2026.37,0.00842
1994-05-03,2064.86,0.018995
1994-05-04,2061.58,-0.001588
1994-05-05,2066.18,0.002231
1994-05-06,2039.91,-0.012714
1994-05-09,2061.37,0.01052
1994-05-10,2069.39,0.003891
1994-05-11,2043.3,-0.012608
1994-05-12,2056.36,0.006392
1994-05-13,2090.78,0.016738
1994-05-16,2098.04,0.003472
1994-05-17,2073.67,-0.011616
1994-05-18,2091.04,0.008376
1994-05-19,2112.21,0.010124
1994-05-20,2112.21,0.0
1994-05-23,2091.94,-0.009597
1994-05-24,2089.48,-0.001176
1994-05-25,2097.2,0.003695
1994-05-26,2073.29,-0.011401
1994-05-27,2040.05,-0.016032
1994-05-30,2058.79,0.009186
1994-05-31,2056.27,-0.001224
1994-06-01,2050.82,-0.00265
1994-06-02,2036.24,-0.007109
1994-06-03,2057.08,0.010235
1994-06-06,2045.54,-0.00561
1994-06-07,2042.38,-0.001545
1994-06-08,2067.26,0.012182
1994-06-09,2046.99,-0.009805
1994-06-10,2044.04,-0.001441
1994-06-13,2041.85,-0.001071
1994-06-14,2024.19,-0.008649
1994-06-15,2003.64,-0.010152
1994-06-16,2019.13,0.007731
1994-06-17,2040.94,0.010802
1994-06-20,2054.23,0.006512
1994-06-21,2069.9,0.007628
1994-06-22,2066.59,-0.001599
1994-06-23,2080.16,0.006566
1994-06-24,2095.5,0.007374
1994-06-27,2102.25,0.003221
1994-06-28,2100.98,-0.000604
1994-06-29,2100.98,0.0
1994-06-30,2110.77,0.00466
1994-07-01,2097.34,-0.006363
1994-07-04,2074.68,-0.010804
1994-07-05,2097.51,0.011004
1994-07-06,2079.19,-0.008734
1994-07-07,2068.92,-0.004939
1994-07-08,2072.9,0.001924
1994-07-11,2051.46,-0.010343
1994-07-12,2058.2,0.003285
1994-07-13,2053.41,-0.002327
1994-07-14,2062.08,0.004222
1994-07-15,2061.76,-0.000155
1994-07-18,2059.68,-0.001009
1994-07-19,2064.14,0.002165
1994-07-20,2088.25,0.01168
1994-07-21,2081.39,-0.003285
1994-07-22,2085.62,0.002032
1994-07-25,2079.6,-0.002886
1994-07-26,2050.86,-0.01382
1994-07-27,2013.03,-0.018446
1994-07-28,2027.67,0.007273
1994-07-29,2026.97,-0.000345
1994-08-01,2040.79,0.006818
1994-08-02,2030.56,-0.005013
1994-08-03,2026.68,-0.001911
1994-08-04,2024.82,-0.000918
1994-08-05,2047.44,0.011171
1994-08-08,2038.46,-0.004386
1994-08-09,2077.94,0.019368
1994-08-10,2085.08,0.003436
1994-08-11,2093.01,0.003803
1994-08-12,2087.78,-0.002499
1994-08-15,2117.8,0.014379
1994-08-16,2127.56,0.004609
1994-08-17,2118.96,-0.004042
1994-08-18,2128.33,0.004422
1994-08-19,2135.49,0.003364
1994-08-22,2112.06,-0.010972
1994-08-23,2119.29,0.003423
1994-08-24,2101.98,-0.008168
1994-08-25,2101.82,-7.6e-05
1994-08-26,2096.26,-0.002645
1994-08-29,2126.44,0.014397
1994-08-30,2117.59,-0.004162
1994-08-31,2106.05,-0.00545
1994-09-01,2097.85,-0.003894
1994-09-02,2127.21,0.013995
1994-09-05,2116.64,-0.004969
1994-09-06,2094.16,-0.010621
1994-09-07,2069.95,-0.011561
1994-09-08,2041.26,-0.01386
1994-09-09,2029.38,-0.00582
1994-09-12,1989.2,-0.019799
1994-09-13,2008.85,0.009878
1994-09-14,1974.14,-0.017279
1994-09-15,2022.5,0.024497
1994-09-16,1995.22,-0.013488
1994-09-19,2016.15,0.01049
1994-09-20,1979.52,-0.018168
1994-09-21,1984.99,0.002763
1994-09-22,1984.15,-0.000423
1994-09-23,1978.07,-0.003064
1994-09-26,1935.08,-0.021733
1994-09-27,1935.87,0.000408
1994-09-28,1928.82,-0.003642
1994-09-29,1911.7,-0.008876
1994-09-30,1918.85,0.00374
1994-10-03,1949.76,0.016109
1994-10-04,1914.69,-0.017987
1994-10-05,1934.96,0.010587
1994-10-06,1965.68,0.015876
1994-10-07,1972.59,0.003515
1994-10-10,1976.52,0.001992
1994-10-11,1978.71,0.001108
1994-10-12,1980.81,0.001061
1994-10-13,1979.26,-0.000783
1994-10-14,1991.08,0.005972
1994-10-17,1982.99,-0.004063
1994-10-18,1982.99,0.0
1994-10-19,1982.99,0.0
1994-10-20,1954.62,-0.014307
1994-10-21,1943.88,-0.005495
1994-10-24,1955.33,0.00589
1994-10-25,1987.7,0.016555
1994-10-26,1978.97,-0.004392
1994-10-27,2007.57,0.014452
1994-10-28,2028.52,0.010436
1994-10-31,2024.25,-0.002105
1994-11-01,2017.95,-0.003112
1994-11-02,2017.95,0.0
1994-11-03,2036.47,0.009178
1994-11-04,2037.99,0.000746
1994-11-07,2034.15,-0.001884
1994-11-08,2021.22,-0.006356
1994-11-09,2030.65,0.004665
1994-11-10,2050.66,0.009854
1994-11-11,2064.41,0.006705
1994-11-14,2086.41,0.010657
1994-11-15,2102.4,0.007664
1994-11-16,2092.0,-0.004947
1994-11-17,2109.36,0.008298
1994-11-18,2088.99,-0.009657
1994-11-21,2083.8,-0.002484
1994-11-22,2064.42,-0.0093
1994-11-23,2096.87,0.015719
1994-11-24,2083.55,-0.006352
1994-11-25,2105.88,0.010717
1994-11-28,2105.88,0.0
1994-11-29,2065.71,-0.019075
1994-11-30,2069.26,0.001719
1994-12-01,2081.46,0.005896
1994-12-02,2099.95,0.008883
1994-12-05,2119.24,0.009186
1994-12-06,2132.72,0.006361
1994-12-07,2132.72,0.0
1994-12-08,2154.17,0.010058
1994-12-09,2136.72,-0.008101
1994-12-12,2137.21,0.000229
1994-12-13,2107.16,-0.01406
1994-12-14,2127.79,0.00979
1994-12-15,2124.25,-0.001664
1994-12-16,2124.84,0.000278
1994-12-19,2130.78,0.002796
1994-12-20,2125.06,-0.002684
1994-12-21,2154.13,0.01368
1994-12-22,2140.36,-0.006392
1994-12-23,2144.88,0.002112
1994-12-26,2144.88,0.0
1994-12-27,2144.88,0.0
1994-12-28,2137.36,-0.003506
1994-12-29,2128.99,-0.003916
1994-12-30,2091.3,-0.017703
1995-01-02,2094.68,0.001616
1995-01-03,2089.04,-0.002693
1995-01-04,2099.68,0.005093
1995-01-05,2110.13,0.004977
1995-01-06,2117.63,0.003554
1995-01-09,2111.35,-0.002966
1995-01-10,2163.37,0.024638
1995-01-11,2184.39,0.009716
1995-01-12,2194.15,0.004468
1995-01-13,2200.32,0.002812
1995-01-16,2193.72,-0.003
1995-01-17,2191.25,-0.001126
1995-01-18,2201.36,0.004614
1995-01-19,2183.71,-0.008018
1995-01-20,2195.31,0.005312
1995-01-23,2183.52,-0.005371
1995-01-24,2196.54,0.005963
1995-01-25,2232.02,0.016153
1995-01-26,2232.23,9.4e-05
1995-01-27,2237.73,0.002464
1995-01-30,2239.36,0.000728
1995-01-31,2217.91,-0.009579
1995-02-01,2222.51,0.002074
1995-02-02,2211.26,-0.005062
1995-02-03,2249.6,0.017339
1995-02-06,2234.86,-0.006552
1995-02-07,2236.68,0.000814
1995-02-08,2244.56,0.003523
1995-02-09,2236.89,-0.003417
1995-02-10,2222.28,-0.006531
1995-02-13,2236.72,0.006498
1995-02-14,2228.44,-0.003702
1995-02-15,2208.41,-0.008988
1995-02-16,2236.73,0.012824
1995-02-17,2251.64,0.006666
1995-02-20,2253.93,0.001017
1995-02-21,2265.86,0.005293
1995-02-22,2269.6,0.001651
1995-02-23,2258.97,-0.004684
1995-02-24,2262.66,0.001633
1995-02-27,2253.91,-0.003867
1995-02-28,2257.34,0.001522
1995-03-01,2240.31,-0.007544
1995-03-02,2230.27,-0.004482
1995-03-03,2251.3,0.009429
1995-03-06,2234.23,-0.007582
1995-03-07,2242.76,0.003818
1995-03-08,2263.08,0.00906
1995-03-09,2266.57,0.001542
1995-03-10,2266.37,-8.8e-05
1995-03-13,2263.27,-0.001368
1995-03-14,2266.77,0.001546
1995-03-15,2268.26,0.000657
1995-03-16,2266.07,-0.000965
1995-03-17,2300.72,0.015291
1995-03-20,2300.29,-0.000187
1995-03-21,2305.58,0.0023
1995-03-22,2289.49,-0.006979
1995-03-23,2306.66,0.007499
1995-03-24,2294.15,-0.005423
1995-03-27,2275.72,-0.008033
1995-03-28,2204.44,-0.031322
1995-03-29,2212.97,0.003869
1995-03-30,2232.02,0.008608
1995-03-31,2190.9,-0.018423
1995-04-03,2184.24,-0.00304
1995-04-04,2201.27,0.007797
1995-04-05,2197.01,-0.001935
1995-04-06,2197.01,0.0
1995-04-07,2211.6,0.006641
1995-04-10,2191.54,-0.00907
1995-04-11,2176.35,-0.006931
1995-04-12,2157.41,-0.008703
1995-04-13,2137.01,-0.009456
1995-04-14,2153.56,0.007744
1995-04-17,2159.73,0.002865
1995-04-18,2206.11,0.021475
1995-04-19,2193.85,-0.005557
1995-04-20,2185.52,-0.003797
1995-04-21,2197.57,0.005514
1995-04-24,2176.09,-0.009774
1995-04-25,2148.12,-0.012853
1995-04-26,2116.86,-0.014552
1995-04-27,2114.88,-0.000935
1995-04-28,2140.74,0.012228
1995-05-01,2142.74,0.000934
1995-05-02,2112.01,-0.014341
1995-05-03,2149.71,0.01785
1995-05-04,2165.76,0.007466
1995-05-05,2182.11,0.007549
1995-05-08,2180.49,-0.000742
1995-05-09,2169.69,-0.004953
1995-05-10,2168.57,-0.000516
1995-05-11,2174.27,0.002628
1995-05-12,2184.05,0.004498
1995-05-15,2182.47,-0.000723
1995-05-16,2174.78,-0.003524
1995-05-17,2195.15,0.009366
1995-05-18,2197.34,0.000998
1995-05-19,2196.64,-0.000319
1995-05-22,2199.29,0.001206
1995-05-23,2196.59,-0.001228
1995-05-24,2204.01,0.003378
1995-05-25,2201.9,-0.000957
1995-05-26,2194.53,-0.003347
1995-05-29,2197.26,0.001244
1995-05-30,2210.92,0.006217
1995-05-31,2247.97,0.016758
1995-06-01,2242.91,-0.002251
1995-06-02,2249.75,0.00305
1995-06-05,2254.95,0.002311
1995-06-06,2266.56,0.005149
1995-06-07,2261.08,-0.002418
1995-06-08,2269.34,0.003653
1995-06-09,2274.94,0.002468
1995-06-12,2260.62,-0.006295
1995-06-13,2277.7,0.007555
1995-06-14,2277.7,0.0
1995-06-15,2278.64,0.000413
1995-06-16,2283.26,0.002028
1995-06-19,2286.21,0.001292
1995-06-20,2283.84,-0.001037
1995-06-21,2240.24,-0.019091
1995-06-22,2241.43,0.000531
1995-06-23,2268.07,0.011885
1995-06-26,2268.35,0.000123
1995-06-27,2280.81,0.005493
1995-06-28,2280.81,0.0
1995-06-29,2280.81,0.0
1995-06-30,2280.44,-0.000162
1995-07-03,2273.9,-0.002868
1995-07-04,2260.69,-0.005809
1995-07-05,2260.69,0.0
1995-07-06,2307.7,0.020795
1995-07-07,2326.18,0.008008
1995-07-10,2332.81,0.00285
1995-07-11,2315.66,-0.007352
1995-07-12,2336.76,0.009112
1995-07-13,2351.47,0.006295
1995-07-14,2340.31,-0.004746
1995-07-17,2330.98,-0.003987
1995-07-18,2353.89,0.009828
1995-07-19,2361.38,0.003182
1995-07-20,2379.43,0.007644
1995-07-21,2375.63,-0.001597
1995-07-24,2389.62,0.005889
1995-07-25,2400.58,0.004587
1995-07-26,2391.74,-0.003682
1995-07-27,2393.12,0.000577
1995-07-28,2436.68,0.018202
1995-07-31,2437.02,0.00014
1995-08-01,2449.71,0.005207
1995-08-02,2437.7,-0.004903
1995-08-03,2456.09,0.007544
1995-08-04,2463.0,0.002813
1995-08-07,2472.53,0.003869
1995-08-08,2459.81,-0.005145
1995-08-09,2416.84,-0.017469
1995-08-10,2437.98,0.008747
1995-08-11,2442.43,0.001825
1995-08-14,2411.49,-0.012668
1995-08-15,2435.07,0.009778
1995-08-16,2428.59,-0.002661
1995-08-17,2436.09,0.003088
1995-08-18,2427.77,-0.003415
1995-08-21,2426.51,-0.000519
1995-08-22,2423.6,-0.001199
1995-08-23,2387.6,-0.014854
1995-08-24,2373.01,-0.006111
1995-08-25,2401.59,0.012044
1995-08-28,2421.93,0.008469
1995-08-29,2449.52,0.011392
1995-08-30,2438.73,-0.004405
1995-08-31,2449.09,0.004248
1995-09-01,2486.95,0.015459
1995-09-04,2485.18,-0.000712
1995-09-05,2488.85,0.001477
1995-09-06,2486.83,-0.000812
1995-09-07,2472.52,-0.005754
1995-09-08,2471.38,-0.000461
1995-09-11,2479.38,0.003237
1995-09-12,2448.8,-0.012334
1995-09-13,2419.72,-0.011875
1995-09-14,2415.29,-0.001831
1995-09-15,2417.0,0.000708
1995-09-18,2432.46,0.006396
1995-09-19,2458.0,0.0105
1995-09-20,2472.55,0.005919
1995-09-21,2484.74,0.00493
1995-09-22,2491.73,0.002813
1995-09-25,2505.32,0.005454
1995-09-26,2479.84,-0.01017
1995-09-27,2514.8,0.014098
1995-09-28,2505.78,-0.003587
1995-09-29,2523.81,0.007195
1995-10-02,2502.94,-0.008269
1995-10-03,2489.35,-0.00543
1995-10-04,2500.75,0.00458
1995-10-05,2508.11,0.002943
1995-10-06,2489.52,-0.007412
1995-10-09,2498.75,0.003708
1995-10-10,2498.75,0.0
1995-10-11,2498.75,0.0
1995-10-12,2510.81,0.004826
1995-10-13,2525.59,0.005887
1995-10-16,2508.12,-0.006917
1995-10-17,2526.74,0.007424
1995-10-18,2540.79,0.005561
1995-10-19,2547.32,0.00257
1995-10-20,2519.82,-0.010796
1995-10-23,2524.18,0.00173
1995-10-24,2535.86,0.004627
1995-10-25,2549.27,0.005288
1995-10-26,2549.12,-5.9e-05
1995-10-27,2524.84,-0.009525
1995-10-30,2538.68,0.005482
1995-10-31,2539.88,0.000473
1995-11-01,2505.97,-0.013351
1995-11-02,2492.63,-0.005323
1995-11-03,2492.63,0.0
1995-11-06,2465.49,-0.010888
1995-11-07,2472.43,0.002815
1995-11-08,2473.52,0.000441
1995-11-09,2476.79,0.001322
1995-11-10,2466.21,-0.004272
1995-11-13,2470.57,0.001768
1995-11-14,2499.02,0.011516
1995-11-15,2496.33,-0.001076
1995-11-16,2528.2,0.012767
1995-11-17,2534.4,0.002452
1995-11-20,2534.4,0.0
1995-11-21,2552.29,0.007059
1995-11-22,2541.98,-0.00404
1995-11-23,2564.12,0.00871
1995-11-24,2548.79,-0.005979
1995-11-27,2546.55,-0.000879
1995-11-28,2549.53,0.00117
1995-11-29,2549.53,0.0
1995-11-30,2559.15,0.003773
1995-12-01,2548.53,-0.00415
1995-12-04,2535.78,-0.005003
1995-12-05,2523.81,-0.00472
1995-12-06,2543.99,0.007996
1995-12-07,2550.42,0.002528
1995-12-08,2551.03,0.000239
1995-12-11,2559.02,0.003132
1995-12-12,2536.03,-0.008984
1995-12-13,2552.96,0.006676
1995-12-14,2571.1,0.007105
1995-12-15,2569.9,-0.000467
1995-12-18,2566.13,-0.001467
1995-12-19,2544.9,-0.008273
1995-12-20,2549.71,0.00189
1995-12-21,2554.12,0.00173
1995-12-22,2546.04,-0.003164
1995-12-25,2532.22,-0.005428
1995-12-26,2547.78,0.006145
1995-12-27,2562.19,0.005656
1995-12-28,2578.36,0.006311
1995-12-29,2572.06,-0.002443
1996-01-01,2551.8,-0.007877
1996-01-02,2570.44,0.007305
1996-01-03,2573.44,0.001167
1996-01-04,2565.32,-0.003155
1996-01-05,2566.32,0.00039
1996-01-08,2578.74,0.00484
1996-01-09,2568.79,-0.003858
1996-01-10,2561.51,-0.002834
1996-01-11,2562.24,0.000285
1996-01-12,2573.0,0.004199
1996-01-15,2561.95,-0.004295
1996-01-16,2548.97,-0.005066
1996-01-17,2529.5,-0.007638
1996-01-18,2475.98,-0.021158
1996-01-19,2497.69,0.008768
1996-01-22,2505.56,0.003151
1996-01-23,2498.35,-0.002878
1996-01-24,2468.32,-0.01202
1996-01-25,2488.82,0.008305
1996-01-26,2459.13,-0.011929
1996-01-29,2464.51,0.002188
1996-01-30,2469.51,0.002029
1996-01-31,2472.25,0.00111
1996-02-01,2466.84,-0.002188
1996-02-02,2491.5,0.009997
1996-02-05,2504.16,0.005081
1996-02-06,2520.26,0.006429
1996-02-07,2520.52,0.000103
1996-02-08,2527.73,0.002861
1996-02-09,2541.41,0.005412
1996-02-12,2534.63,-0.002668
1996-02-13,2532.96,-0.000659
1996-02-14,2529.14,-0.001508
1996-02-15,2545.65,0.006528
1996-02-16,2544.61,-0.000409
1996-02-19,2542.75,-0.000731
1996-02-20,2567.96,0.009914
1996-02-21,2556.25,-0.00456
1996-02-22,2562.12,0.002296
1996-02-23,2534.44,-0.010804
1996-02-26,2559.42,0.009856
1996-02-27,2562.12,0.001055
1996-02-28,2554.42,-0.003005
1996-02-29,2563.59,0.00359
1996-03-01,2556.64,-0.002711
1996-03-04,2548.84,-0.003051
1996-03-05,2534.49,-0.00563
1996-03-06,2538.34,0.001519
1996-03-07,2528.73,-0.003786
1996-03-08,2526.18,-0.001008
1996-03-11,2532.55,0.002522
1996-03-12,2542.74,0.004024
1996-03-13,2549.71,0.002741
1996-03-14,2568.77,0.007475
1996-03-15,2568.7,-2.7e-05
1996-03-18,2588.04,0.007529
1996-03-19,2614.5,0.010224
1996-03-20,2630.24,0.00602
1996-03-21,2626.43,-0.001449
1996-03-22,2621.2,-0.001991
1996-03-25,2625.46,0.001625
1996-03-26,2641.5,0.006109
1996-03-27,2624.18,-0.006557
1996-03-28,2643.42,0.007332
1996-03-29,2663.1,0.007445
1996-04-01,2664.96,0.000698
1996-04-02,2659.86,-0.001914
1996-04-03,2655.49,-0.001643
1996-04-04,2654.34,-0.000433
1996-04-05,2685.29,0.01166
1996-04-08,2685.29,0.0
1996-04-09,2704.25,0.007061
1996-04-10,2705.21,0.000355
1996-04-11,2702.6,-0.000965
1996-04-12,2685.23,-0.006427
1996-04-15,2683.52,-0.000637
1996-04-16,2692.69,0.003417
1996-04-17,2700.83,0.003023
1996-04-18,2718.73,0.006628
1996-04-19,2705.06,-0.005028
1996-04-22,2717.5,0.004599
1996-04-23,2727.56,0.003702
1996-04-24,2733.67,0.00224
1996-04-25,2721.74,-0.004364
1996-04-26,2678.89,-0.015744
1996-04-29,2681.94,0.001139
1996-04-30,2690.79,0.0033
1996-05-01,2703.33,0.00466
1996-05-02,2675.5,-0.010295
1996-05-03,2664.72,-0.004029
1996-05-06,2671.4,0.002507
1996-05-07,2670.19,-0.000453
1996-05-08,2678.73,0.003198
1996-05-09,2716.16,0.013973
1996-05-10,2735.28,0.007039
1996-05-13,2724.25,-0.004032
1996-05-14,2732.29,0.002951
1996-05-15,2730.44,-0.000677
1996-05-16,2764.0,0.012291
1996-05-17,2770.61,0.002391
1996-05-20,2784.39,0.004974
1996-05-21,2800.6,0.005822
1996-05-22,2768.68,-0.011398
1996-05-23,2781.54,0.004645
1996-05-24,2766.08,-0.005558
1996-05-27,2765.29,-0.000286
1996-05-28,2769.47,0.001512
1996-05-29,2800.52,0.011212
1996-05-30,2808.62,0.002892
1996-05-31,2793.86,-0.005255
1996-06-03,2829.68,0.012821
1996-06-04,2848.84,0.006771
1996-06-05,2853.46,0.001622
1996-06-06,2900.76,0.016576
1996-06-07,2880.89,-0.00685
1996-06-10,2894.43,0.0047
1996-06-11,2832.53,-0.021386
1996-06-12,2870.3,0.013334
1996-06-13,2890.95,0.007194
1996-06-14,2836.36,-0.018883
1996-06-17,2846.94,0.00373
1996-06-18,2815.77,-0.010949
1996-06-19,2841.16,0.009017
1996-06-20,2808.5,-0.011495
1996-06-21,2814.23,0.00204
1996-06-24,2824.83,0.003767
1996-06-25,2835.54,0.003791
1996-06-26,2844.09,0.003015
1996-06-27,2844.09,0.0
1996-06-28,2844.09,0.0
1996-07-01,2844.09,0.0
1996-07-02,2859.22,0.00532
1996-07-03,2880.07,0.007292
1996-07-04,2880.07,0.0
1996-07-05,2880.07,0.0
1996-07-08,2820.81,-0.020576
1996-07-09,2863.26,0.015049
1996-07-10,2890.2,0.009409
1996-07-11,2876.34,-0.004796
1996-07-12,2904.08,0.009644
1996-07-15,2936.69,0.011229
1996-07-16,2915.81,-0.00711
1996-07-17,2956.78,0.014051
1996-07-18,2978.84,0.007461
1996-07-19,2976.56,-0.000765
1996-07-22,2996.12,0.006571
1996-07-23,3006.87,0.003588
1996-07-24,2999.19,-0.002554
1996-07-25,3000.66,0.00049
1996-07-26,3026.63,0.008655
1996-07-29,3037.28,0.003519
1996-07-30,2982.63,-0.017993
1996-07-31,2992.55,0.003326
1996-08-01,3028.27,0.011936
1996-08-02,2997.95,-0.010012
1996-08-05,3018.58,0.006881
1996-08-06,3037.7,0.006334
1996-08-07,3064.7,0.008888
1996-08-08,3067.48,0.000907
1996-08-09,3114.73,0.015404
1996-08-12,3124.78,0.003227
1996-08-13,3161.36,0.011706
1996-08-14,3185.72,0.007706
1996-08-15,3191.45,0.001799
1996-08-16,3211.01,0.006129
1996-08-19,3256.86,0.014279
1996-08-20,3249.17,-0.002361
1996-08-21,3260.3,0.003425
1996-08-22,3230.83,-0.009039
1996-08-23,3209.04,-0.006744
1996-08-26,3197.09,-0.003724
1996-08-27,3203.79,0.002096
1996-08-28,3180.63,-0.007229
1996-08-29,3233.34,0.016572
1996-08-30,3245.02,0.003612
1996-09-02,3272.58,0.008493
1996-09-03,3261.04,-0.003526
1996-09-04,3258.74,-0.000705
1996-09-05,3345.09,0.026498
1996-09-06,3375.45,0.009076
1996-09-09,3396.55,0.006251
1996-09-10,3419.51,0.00676
1996-09-11,3426.77,0.002123
1996-09-12,3430.95,0.00122
1996-09-13,3382.4,-0.014151
1996-09-16,3367.82,-0.004311
1996-09-17,3404.29,0.010829
1996-09-18,3337.11,-0.019734
1996-09-19,3289.59,-0.01424
1996-09-20,3305.72,0.004903
1996-09-23,3247.03,-0.017754
1996-09-24,3288.52,0.012778
1996-09-25,3302.57,0.004272
1996-09-26,3374.93,0.02191
1996-09-27,3439.22,0.019049
1996-09-30,3407.83,-0.009127
1996-10-01,3407.83,0.0
1996-10-02,3407.83,0.0
1996-10-03,3281.46,-0.037082
1996-10-04,3210.94,-0.02149
1996-10-07,3212.82,0.000585
1996-10-08,3235.35,0.007013
1996-10-09,3342.77,0.033202
1996-10-10,3328.13,-0.00438
1996-10-11,3364.76,0.011006
1996-10-14,3352.58,-0.00362
1996-10-15,3319.24,-0.009945
1996-10-16,3297.52,-0.006544
1996-10-17,3369.26,0.021756
1996-10-18,3347.54,-0.006447
1996-10-21,3361.8,0.00426
1996-10-22,3361.2,-0.000178
1996-10-23,3328.41,-0.009755
1996-10-24,3348.9,0.006156
1996-10-25,3366.87,0.005366
1996-10-28,3396.49,0.008797
1996-10-29,3357.57,-0.011459
1996-10-30,3372.96,0.004584
1996-10-31,3425.86,0.015684
1996-11-01,3438.09,0.00357
1996-11-04,3438.09,0.0
1996-11-05,3491.08,0.015413
1996-11-06,3565.69,0.021372
1996-11-07,3548.52,-0.004815
1996-11-08,3537.45,-0.00312
1996-11-11,3537.45,0.0
1996-11-12,3533.21,-0.001199
1996-11-13,3593.14,0.016962
1996-11-14,3559.29,-0.009421
1996-11-15,3588.57,0.008226
1996-11-18,3564.85,-0.00661
1996-11-19,3569.26,0.001237
1996-11-20,3569.26,0.0
1996-11-21,3516.2,-0.014866
1996-11-22,3600.4,0.023946
1996-11-25,3575.44,-0.006933
1996-11-26,3621.72,0.012944
1996-11-27,3669.31,0.01314
1996-11-28,3665.43,-0.001057
1996-11-29,3626.6,-0.010594
1996-12-02,3635.38,0.002421
1996-12-03,3562.73,-0.019984
1996-12-04,3596.4,0.009451
1996-12-05,3655.59,0.016458
1996-12-06,3651.59,-0.001094
1996-12-09,3684.6,0.00904
1996-12-10,3700.53,0.004323
1996-12-11,3668.61,-0.008626
1996-12-12,3671.16,0.000695
1996-12-13,3671.87,0.000193
1996-12-16,3737.16,0.017781
1996-12-17,3752.37,0.00407
1996-12-18,3750.02,-0.000626
1996-12-19,3721.18,-0.007691
1996-12-20,3730.56,0.002521
1996-12-23,3777.56,0.012599
1996-12-24,3788.54,0.002907
1996-12-25,3748.79,-0.010492
1996-12-26,3761.07,0.003276
1996-12-27,3819.52,0.015541
1996-12-30,3820.16,0.000168
1996-12-31,3809.92,-0.002681
1997-01-01,3766.89,-0.011294
1997-01-02,3834.84,0.018039
1997-01-03,3867.53,0.008524
1997-01-06,3939.73,0.018668
1997-01-07,3946.73,0.001777
1997-01-08,4003.35,0.014346
1997-01-09,4030.1,0.006682
1997-01-10,4026.97,-0.000777
1997-01-13,4000.65,-0.006536
1997-01-14,4074.3,0.01841
1997-01-15,4142.19,0.016663
1997-01-16,4139.68,-0.000606
1997-01-17,4223.69,0.020294
1997-01-20,4203.91,-0.004683
1997-01-21,4131.94,-0.01712
1997-01-22,4139.96,0.001941
1997-01-23,4297.64,0.038087
1997-01-24,4384.82,0.020286
1997-01-27,4320.52,-0.014664
1997-01-28,4368.54,0.011114
1997-01-29,4400.3,0.00727
1997-01-30,4377.7,-0.005136
1997-01-31,4458.66,0.018494
1997-02-03,4405.52,-0.011918
1997-02-04,4336.98,-0.015558
1997-02-05,4302.5,-0.00795
1997-02-06,4325.86,0.005429
1997-02-07,4364.25,0.008875
1997-02-10,4428.08,0.014626
1997-02-11,4342.31,-0.01937
1997-02-12,4333.15,-0.002109
1997-02-13,4377.51,0.010237
1997-02-14,4237.06,-0.032084
1997-02-17,4195.53,-0.009802
1997-02-18,4077.59,-0.028111
1997-02-19,4080.55,0.000726
1997-02-20,4190.45,0.026933
1997-02-21,4251.93,0.014671
1997-02-24,4204.81,-0.011082
1997-02-25,4090.14,-0.027271
1997-02-26,4076.75,-0.003274
1997-02-27,3993.7,-0.020372
1997-02-28,3992.03,-0.000418
1997-03-03,3897.43,-0.023697
1997-03-04,3919.79,0.005737
1997-03-05,4001.81,0.020925
1997-03-06,4127.28,0.031353
1997-03-07,4062.13,-0.015785
1997-03-10,4093.43,0.007705
1997-03-11,4073.71,-0.004817
1997-03-12,4131.26,0.014127
1997-03-13,4104.57,-0.00646
1997-03-14,4028.0,-0.018655
1997-03-17,3890.24,-0.034201
1997-03-18,3796.61,-0.024068
1997-03-19,3869.53,0.019207
1997-03-20,3995.69,0.032603
1997-03-21,3970.44,-0.006319
1997-03-24,4004.04,0.008463
1997-03-25,3983.06,-0.00524
1997-03-26,4096.85,0.028568
1997-03-27,4091.77,-0.00124
1997-03-28,4150.95,0.014463
1997-03-31,4104.93,-0.011087
1997-04-01,4135.09,0.007347
1997-04-02,4116.52,-0.004491
1997-04-03,4154.89,0.009321
1997-04-04,4262.98,0.026015
1997-04-07,4266.17,0.000748
1997-04-08,4266.17,0.0
1997-04-09,4326.35,0.014106
1997-04-10,4311.13,-0.003518
1997-04-11,4267.4,-0.010144
1997-04-14,4179.92,-0.0205
1997-04-15,4164.62,-0.00366
1997-04-16,4225.27,0.014563
1997-04-17,4215.23,-0.002376
1997-04-18,4168.62,-0.011058
1997-04-21,4149.92,-0.004486
1997-04-22,4049.16,-0.02428
1997-04-23,4069.25,0.004962
1997-04-24,4172.47,0.025366
1997-04-25,4124.86,-0.011411
1997-04-28,3976.38,-0.035996
1997-04-29,3981.44,0.001273
1997-04-30,3871.39,-0.027641
1997-05-01,3645.69,-0.058299
1997-05-02,3806.66,0.044154
1997-05-05,3748.88,-0.015179
1997-05-06,3753.66,0.001275
1997-05-07,3847.73,0.025061
1997-05-08,3784.8,-0.016355
1997-05-09,3841.39,0.014952
1997-05-12,3813.88,-0.007161
1997-05-13,3715.38,-0.025827
1997-05-14,3728.37,0.003496
1997-05-15,3734.79,0.001722
1997-05-16,3697.48,-0.00999
1997-05-19,3701.94,0.001206
1997-05-20,3676.65,-0.006832
1997-05-21,3816.71,0.038094
1997-05-22,3844.14,0.007187
1997-05-23,3876.9,0.008522
1997-05-26,3931.81,0.014163
1997-05-27,3941.91,0.002569
1997-05-28,3832.1,-0.027857
1997-05-29,3850.14,0.004708
1997-05-30,3926.93,0.019945
1997-06-02,3961.97,0.008923
1997-06-03,3972.08,0.002552
1997-06-04,4125.92,0.03873
1997-06-05,4096.4,-0.007155
1997-06-06,4074.55,-0.005334
1997-06-09,4159.72,0.020903
1997-06-10,4191.81,0.007714
1997-06-11,4208.14,0.003896
1997-06-12,4187.13,-0.004993
1997-06-13,4116.7,-0.016821
1997-06-16,4016.7,-0.024291
1997-06-17,4061.91,0.011256
1997-06-18,4029.08,-0.008082
1997-06-19,4150.31,0.030089
1997-06-20,4154.57,0.001026
1997-06-23,4162.92,0.00201
1997-06-24,4055.35,-0.02584
1997-06-25,4125.54,0.017308
1997-06-26,4132.79,0.001757
1997-06-27,4132.79,0.0
1997-06-30,4132.79,0.0
1997-07-01,4132.79,0.0
1997-07-02,4266.02,0.032237
1997-07-03,4224.3,-0.00978
1997-07-04,4224.3,0.0
1997-07-07,4224.3,0.0
1997-07-08,4364.32,0.033146
1997-07-09,4416.95,0.012059
1997-07-10,4360.05,-0.012882
1997-07-11,4339.98,-0.004603
1997-07-14,4293.64,-0.010677
1997-07-15,4237.75,-0.013017
1997-07-16,4134.64,-0.024331
1997-07-17,4150.01,0.003717
1997-07-18,4145.41,-0.001108
1997-07-21,4140.22,-0.001252
1997-07-22,4216.24,0.018361
1997-07-23,4290.05,0.017506
1997-07-24,4310.83,0.004844
1997-07-25,4250.47,-0.014002
1997-07-28,4238.77,-0.002753
1997-07-29,4222.16,-0.003919
1997-07-30,4266.34,0.010464
1997-07-31,4316.05,0.011652
1997-08-01,4385.29,0.016042
1997-08-04,4444.53,0.013509
1997-08-05,4442.53,-0.00045
1997-08-06,4529.88,0.019662
1997-08-07,4529.18,-0.000155
1997-08-08,4509.25,-0.0044
1997-08-11,4494.72,-0.003222
1997-08-12,4536.91,0.009387
1997-08-13,4519.56,-0.003824
1997-08-14,4558.62,0.008642
1997-08-15,4552.46,-0.001351
1997-08-18,4509.37,-0.009465
1997-08-19,4522.42,0.002894
1997-08-20,4535.56,0.002906
1997-08-21,4627.42,0.020253
1997-08-22,4611.66,-0.003406
1997-08-25,4581.08,-0.006631
1997-08-26,4583.03,0.000426
1997-08-27,4610.66,0.006029
1997-08-28,4604.55,-0.001325
1997-08-29,4704.58,0.021724
1997-09-01,4695.78,-0.001871
1997-09-02,4693.86,-0.000409
1997-09-03,4781.62,0.018697
1997-09-04,4759.62,-0.004601
1997-09-05,4690.52,-0.014518
1997-09-08,4676.42,-0.003006
1997-09-09,4762.71,0.018452
1997-09-10,4828.89,0.013895
1997-09-11,4852.22,0.004831
1997-09-12,4862.41,0.0021
1997-09-15,4838.67,-0.004882
1997-09-16,4872.24,0.006938
1997-09-17,4905.59,0.006845
1997-09-18,4945.91,0.008219
1997-09-19,4908.55,-0.007554
1997-09-22,4949.91,0.008426
1997-09-23,5045.16,0.019243
1997-09-24,5014.13,-0.00615
1997-09-25,5064.35,0.010016
1997-09-26,5114.13,0.009829
1997-09-29,5029.0,-0.016646
1997-09-30,5066.9,0.007536
1997-10-01,5069.89,0.00059
1997-10-02,5097.25,0.005397
1997-10-03,5135.35,0.007475
1997-10-06,5179.04,0.008508
1997-10-07,5254.32,0.014536
1997-10-08,5345.89,0.017428
1997-10-09,5309.67,-0.006775
1997-10-10,5267.35,-0.00797
1997-10-13,5312.25,0.008524
1997-10-14,5312.25,0.0
1997-10-15,5312.25,0.0
1997-10-16,5367.98,0.010491
1997-10-17,5359.24,-0.001628
1997-10-20,5292.97,-0.012366
1997-10-21,5326.63,0.006359
1997-10-22,5407.93,0.015263
1997-10-23,5373.8,-0.006311
1997-10-24,5312.28,-0.011448
1997-10-27,5262.57,-0.009358
1997-10-28,5144.42,-0.022451
1997-10-29,5002.71,-0.027546
1997-10-30,5110.88,0.021622
1997-10-31,5083.8,-0.005299
1997-11-03,5241.23,0.030967
1997-11-04,5241.23,0.0
1997-11-05,5337.75,0.018416
1997-11-06,5226.2,-0.020898
1997-11-07,5264.62,0.007351
1997-11-10,5164.89,-0.018943
1997-11-11,5270.61,0.020469
1997-11-12,5348.75,0.014826
1997-11-13,5307.82,-0.007652
1997-11-14,5371.99,0.01209
1997-11-17,5374.11,0.000395
1997-11-18,5414.31,0.00748
1997-11-19,5343.66,-0.013049
1997-11-20,5441.0,0.018216
1997-11-21,5514.51,0.01351
1997-11-24,5514.51,0.0
1997-11-25,5530.19,0.002843
1997-11-26,5592.46,0.01126
1997-11-27,5639.89,0.008481
1997-11-28,5466.88,-0.030676
1997-12-01,5507.36,0.007405
1997-12-02,5556.99,0.009012
1997-12-03,5556.99,0.0
1997-12-04,5583.83,0.00483
1997-12-05,5640.42,0.010135
1997-12-08,5605.38,-0.006212
1997-12-09,5724.75,0.021296
1997-12-10,5787.05,0.010883
1997-12-11,5773.77,-0.002295
1997-12-12,5799.22,0.004408
1997-12-15,5799.22,0.0
1997-12-16,5631.34,-0.028949
1997-12-17,5581.24,-0.008897
1997-12-18,5621.71,0.007251
1997-12-19,5742.83,0.021545
1997-12-22,5689.89,-0.009218
1997-12-23,5644.22,-0.008027
1997-12-24,5648.11,0.000689
1997-12-25,5748.34,0.017746
1997-12-26,5784.4,0.006273
1997-12-29,5886.72,0.017689
1997-12-30,5870.49,-0.002757
1997-12-31,5933.73,0.010773
1998-01-01,5841.83,-0.015488
1998-01-02,5910.51,0.011757
1998-01-05,5905.15,-0.000907
1998-01-06,5961.45,0.009534
1998-01-07,5942.06,-0.003253
1998-01-08,5975.88,0.005692
1998-01-09,6018.89,0.007197
1998-01-12,6000.84,-0.002999
1998-01-13,6001.24,6.7e-05
1998-01-14,6023.31,0.003678
1998-01-15,6101.9,0.013048
1998-01-16,6106.1,0.000688
1998-01-19,6108.0,0.000311
1998-01-20,6162.86,0.008982
1998-01-21,6186.09,0.003769
1998-01-22,6184.1,-0.000322
1998-01-23,6081.11,-0.016654
1998-01-26,6043.82,-0.006132
1998-01-27,6040.58,-0.000536
1998-01-28,5854.35,-0.03083
1998-01-29,5867.52,0.00225
1998-01-30,5828.74,-0.006609
1998-02-02,5906.33,0.013312
1998-02-03,5861.19,-0.007643
1998-02-04,5774.38,-0.014811
1998-02-05,5718.7,-0.009643
1998-02-06,5614.77,-0.018174
1998-02-09,5528.12,-0.015433
1998-02-10,5598.32,0.012699
1998-02-11,5460.43,-0.024631
1998-02-12,5285.78,-0.031985
1998-02-13,5386.94,0.019138
1998-02-16,5355.03,-0.005924
1998-02-17,5473.72,0.022164
